,fans_name,fans_count,name,start_time,end_time,category_id,online_count,play_count,avatar,create_time
0,é€—å®¶å±¯,1015,åç”·å­©å­¦é™¢ï½å°è•¾è•¾å† ,2020-02-12 18:43:06,,70,160,2231,http://imagev2.xmcdn.com/group63/M01/6A/23/wKgMaF1GpKDy57iYAAWZOVoAIp8446.gif!op_type=3&columns=640&rows=640,2020-02-12 19:58:00
1,èŒå½å½,88,è·ç¦»ä½ 5.21m,2020-02-12 18:30:10,,68,28,381,http://imagev2.xmcdn.com/group64/M04/C8/19/wKgMc11ZbE7AzNCcAAIGo6mBWUM857.jpg!op_type=3&columns=640&rows=640,2020-02-12 19:58:00
2,å¥½æ±‰å’š,66,å•¦å•¦å•¦å•¦,2020-02-12 18:40:54,,71,14,387,http://imagev2.xmcdn.com/group70/M0B/8C/51/wKgOzl4bWD7zqjm-AALCkjgYoJU502.jpg!op_type=3&columns=640&rows=640,2020-02-12 19:58:00
3,è¾°çš„å®¶,19,å› ä¸ºæœ‰ä½ ï¼Œå¿ƒç”Ÿæ¬¢å–œ,2020-02-12 19:10:29,,48,43,839,http://imagev2.xmcdn.com/group71/M04/D5/C4/wKgOz14Os57CupkZAACXsI9Eyv0325.jpg!op_type=3&columns=640&rows=640,2020-02-12 19:58:00
4,ç‘°å®å„¿,201,ğŸ˜‹ç¾å¥½äººé—´è¡¥ç»™ç«™,2020-02-12 18:00:45,,32,38,1818,http://imagev2.xmcdn.com/group58/M02/79/3A/wKgLglzm8yCzObamAACtAnUbZfA595.jpg!op_type=3&columns=640&rows=640,2020-02-12 19:58:00
5,Xçƒ­åº¦,274,å¼¹å”±çš„å•¾,2020-02-12 18:03:05,,64,69,1311,http://imagev2.xmcdn.com/group59/M06/99/4C/wKgLelzor2bwsmFwAAlfOYDV0VA233.gif!op_type=3&columns=640&rows=640,2020-02-12 19:58:00
6,ç¾å½¤,407,ç”¨æˆ‘çš„æ­Œå£°é™ªä¼´ä½ ,2020-02-12 16:53:22,,48,86,3050,http://imagev2.xmcdn.com/group67/M05/C5/E2/wKgMd13ziF6AtCmNAACKVM2BwXQ338.jpg!op_type=3&columns=640&rows=640,2020-02-12 19:58:00
7,ä¸‰åƒé‡Œ,203,å–œé©¬ä¸å€’ é™ªä½ åˆ°è€,2020-02-12 19:00:42,,57,32,554,http://imagev2.xmcdn.com/group70/M09/F8/E6/wKgOzl4h_kjzDZrCAAKBCttIUg8315.jpg!op_type=3&columns=640&rows=640,2020-02-12 19:58:01
8,å·èŠ¯é…±,170,äº’é“å¹³å®‰,2020-02-12 19:00:33,,41,23,327,http://imagev2.xmcdn.com/group72/M03/AA/51/wKgO0F4O9KjhsBydAARe_rWKCxM807.jpg!op_type=3&columns=640&rows=640,2020-02-12 19:58:01
9,è‰¯äººz,15,ä½ æ˜¯æ€ä¹ˆè¡¨ç™½çš„ï¼Ÿä¸ä¼šæˆ‘æ•™ä½ å“¦ã€‚,2020-02-12 19:30:01,,32,4,15,http://imagev2.xmcdn.com/group71/M09/A0/89/wKgOz146KknxdCmDAACW5msZtTc807.jpg!op_type=3&columns=640&rows=640,2020-02-12 19:58:01
10,æ—æµ·,68,æ»¡æœˆæ´¾å¯¹çº¢åŒ…é›¨ç­‰ä½ æ¥å—¨ï¼,2020-02-12 19:00:33,,32,45,770,http://imagev2.xmcdn.com/group72/M07/6C/56/wKgO0F4V0XHSGlEsAADV9x4hYss705.jpg!op_type=3&columns=640&rows=640,2020-02-12 19:58:01
11,å°å¥‰ä»™,167,æ¸©æŸ”ä»™å„¿ç‹¬å¾—æ©å® ï½,2020-02-12 16:02:01,,48,18,1934,http://imagev2.xmcdn.com/group67/M08/1F/38/wKgMd12piuTDM2NCAAHY-r5uqLI995.jpg!op_type=3&columns=640&rows=640,2020-02-12 19:58:01
12,ç³–ç²’å­,51,ä¸–ç•Œé‚£ä¹ˆå¤§è¿˜æ˜¯é‡è§ä½ ,2020-02-12 17:18:47,,32,9,267,http://imagev2.xmcdn.com/group72/M00/18/14/wKgO0F4cHhzCbkBiAAC036YIYY8837.jpg!op_type=3&columns=640&rows=640,2020-02-12 19:58:01
13,Få’¸èœ,70,æ„¿å›å¤šå¥åº·ï¼Œæ­¤å¤„æœ€æ¬¢ä¹ï¼,2020-02-12 19:28:54,,58,9,39,http://imagev2.xmcdn.com/group56/M06/6A/BE/wKgLdl3---yBUFncAABvUpm27SQ677.jpg!op_type=3&columns=640&rows=640,2020-02-12 19:58:01
14,é¦¬å°é§¿,70,è¨ç“¦è¿ªå¡ğŸ¤,2020-02-12 19:01:31,,48,22,678,http://imagev2.xmcdn.com/group64/M0B/16/3F/wKgMc11xzY2SV0VFAACEJBev25Q657.jpg!op_type=3&columns=640&rows=640,2020-02-12 19:58:01
15,éº¦æ¥½è’‚,375,å”±æ­Œçš„å°ä»»æ€§,2020-02-12 17:33:41,,48,26,1905,http://imagev2.xmcdn.com/group70/M00/8D/67/wKgO2F4setajlWj2AAKYbPF-NV4068.jpg!op_type=3&columns=640&rows=640,2020-02-12 19:58:01
16,å·§å®‰ç”Ÿ,12,å®‰ç”Ÿæ˜¯ä¸ªå°å¤ªé˜³,2020-02-12 18:09:12,2020-02-12 19:52:25,95,1,84,http://imagev2.xmcdn.com/group70/M04/BF/52/wKgO2F47AzTCc3jHAABkM6RaJOU025.jpg!op_type=3&columns=640&rows=640,2020-02-12 19:58:02
17,æ‹‰æ‹‰ä¸,81,çˆ±å”±æ­Œçš„è€çˆ·ä»¬,2020-02-12 17:02:55,2020-02-12 19:30:56,48,1,252,http://imagev2.xmcdn.com/group72/M07/01/99/wKgO0F40DnigZoZlAAFVMpI73pQ288.gif!op_type=3&columns=640&rows=640,2020-02-12 19:58:02
18,å“‡è¯­ç³,596,çˆ±ä½ ä¸€æ•´ä¸ªä¸–çºªâœ¨,2020-02-12 19:32:39,,70,170,779,http://imagev2.xmcdn.com/group65/M01/28/B1/wKgMdF1g9hmzI_aIAAKkaLF9EMQ593.jpg!op_type=3&columns=640&rows=640,2020-02-12 19:58:02
19,æ´ªä¸ƒå®«,89,ç»™æˆ‘ä¸€é¦–æ­Œçš„æ—¶é—´,2020-02-12 17:51:45,,71,15,1173,http://imagev2.xmcdn.com/group72/M0B/88/BF/wKgO0F4EhpKxVUsRAACJ3UFZLys392.jpg!op_type=3&columns=640&rows=640,2020-02-12 19:58:02
20,å¸…æ±€å®¶,53,è¢«çˆ±ä¹Ÿæ˜¯ç§è¿æ°”,2020-02-12 17:35:21,,48,11,546,http://imagev2.xmcdn.com/group65/M09/5F/60/wKgMal2Iii_jlKqvAALhbnu7q6M312.jpg!op_type=3&columns=640&rows=640,2020-02-12 19:58:02
21,SOD,74,æ˜¥é›¨å¦‚é…’ æŸ³å¦‚çƒŸ,2020-02-12 18:38:03,,48,13,133,http://imagev2.xmcdn.com/group61/M04/07/DF/wKgMcF0E5kWxmu2yABsKIvFy_c8919.gif!op_type=3&columns=640&rows=640,2020-02-12 19:58:02
22,ç¾ç¾ç¾,141,æ¢¦é‡Œæ¢¦åˆ°é†’ä¸æ¥çš„æ¢¦,2020-02-12 19:28:07,,28,118,781,http://imagev2.xmcdn.com/group60/M0B/25/22/wKgLb1zvUyqBnQpKAAAlfGgMPVA478.jpg!op_type=3&columns=640&rows=640,2020-02-12 19:58:02
23,ç˜¦å…«æ–¤,127,åŒé‡å—“éŸ³ğŸ’•æ”»å®ˆå…¼å¤‡,2020-02-12 17:29:57,,48,12,331,http://imagev2.xmcdn.com/group65/M00/E6/7A/wKgMal2AfGnTBbVhAAD3ZtT7c8c041.jpg!op_type=3&columns=640&rows=640,2020-02-12 19:58:02
24,çŸ¥ä¸ƒ,61,çŸ¥ä¸ƒä¸¶çš„ç›´æ’­,2020-02-12 18:06:00,,48,9,540,http://imagev2.xmcdn.com/group62/M05/FE/C2/wKgMcV06eEPB0MNXAACY8XavGgU008.jpg!op_type=3&columns=640&rows=640,2020-02-12 19:58:02
25,çˆ±å“Ÿ,155,æˆ‘åªå–œæ¬¢ä½ ,,,32,0,6,http://imagev2.xmcdn.com/group72/M03/96/8C/wKgO0F43jAKDBQbjAAC-D51EIRY146.jpg!op_type=3&columns=640&rows=640,2020-02-12 19:58:03
26,ä¹‹è´°å®¶,284,å”±æ­Œçš„ä¹‹è´°,2020-02-12 18:29:02,,48,238,997,http://imagev2.xmcdn.com/group70/M02/2B/17/wKgOzl4UhNSjSSVGAAeDUhPSlLU539.jpg!op_type=3&columns=640&rows=640,2020-02-12 19:58:03
27,è¥¿ç“œç“œ,207,æ¥å•¦ï¼Œé‡Œè¾¹è¯·,2020-02-12 19:00:28,,32,26,1825,http://imagev2.xmcdn.com/group72/M05/39/3F/wKgO0F4UI1bBESM-AACs_hiPxDI352.jpg!op_type=3&columns=640&rows=640,2020-02-12 19:58:03
28,é›ªçƒå¸®,54,åœ¨è·¯ä¸Šã€‚ã€‚ã€‚,2020-02-12 18:22:27,,28,8,92,http://imagev2.xmcdn.com/group61/M08/B8/E6/wKgMZl2kUiXC83aHAAIwOhCMAwI188.jpg!op_type=3&columns=640&rows=640,2020-02-12 19:58:03
29,å°çŒ«å›¢,77,å¯æ€•~~~,2020-02-12 19:31:56,,48,14,44,http://imagev2.xmcdn.com/group72/M05/F5/26/wKgO0F4-Y9bSnDd5AAL6MJA7AOw024.jpg!op_type=3&columns=640&rows=640,2020-02-12 19:58:03
30,å²©å®,63,é™ªä½ åº¦è¿‡æ¼«é•¿å²æœˆğŸ’•,2020-02-12 19:14:59,,95,6,44,http://imagev2.xmcdn.com/group65/M08/99/9E/wKgMal2MN4_BFg2uAAB-7wuOQ-M791.jpg!op_type=3&columns=640&rows=640,2020-02-12 19:58:03
31,æœ¨å­L,99,ä¸­è‹±å”±æ’­Lee 2-12,2020-02-12 18:32:29,,48,11,211,http://imagev2.xmcdn.com/group62/M00/2E/75/wKgMcV0aGi2R58dOAABd3WiJy7g429.jpg!op_type=3&columns=640&rows=640,2020-02-12 19:58:03
32,å°é…’ä¹…,123,æ²»æ„ˆç³»å‡€åŒ–éŸ³â¤å–œæ¬¢å† ğŸ‘‘,2020-02-12 17:07:21,,48,14,2474,http://imagev2.xmcdn.com/group69/M02/21/00/wKgMb13YAkDDkRwsAACKmRSsPYM012.jpg!op_type=3&columns=640&rows=640,2020-02-12 19:58:03
33,å·´ç‰¹ä¾ ,13,Princeling__çš„ç›´æ’­,2020-02-12 19:01:57,,32,16,286,http://imagev2.xmcdn.com/group72/M0B/35/DE/wKgO0F4_sSbSvajNAABpx-8-iyI896.jpg!op_type=3&columns=640&rows=640,2020-02-12 19:58:03
34,é™ä¹å›¢,92,æƒ³è§ä½ æƒ³è§ä½ æƒ³è§ä½ ,2020-02-12 19:14:29,,28,8,199,http://imagev2.xmcdn.com/group72/M02/32/7B/wKgO0F4uipPiHRcHAACFDM2knkA126.jpg!op_type=3&columns=640&rows=640,2020-02-12 19:58:04
35,bes,132,å”±ä¸€é¦–å®é™çš„æ—¶å…‰,2020-02-12 19:28:39,,64,8,55,http://imagev2.xmcdn.com/group70/M06/07/6C/wKgO2F4zzEGRsPGfAACPq41-nnk797.jpg!op_type=3&columns=640&rows=640,2020-02-12 19:58:04
36,æ€è–‡,26,æˆ‘çŸ¥é“ä½ éƒ½çŸ¥é“,2020-02-12 17:55:12,,32,9,160,http://imagev2.xmcdn.com/group60/M08/50/BD/wKgLeV3zyl7iS-CnAAMBwz-y6p8980.jpg!op_type=3&columns=640&rows=640,2020-02-12 19:58:04
37,å°å…”ç‰™,42,ä½ ä»¬çš„æ­Œå•å¼€å”±å•¦,2020-02-12 18:52:54,,48,45,490,http://imagev2.xmcdn.com/group70/M05/4D/0C/wKgOzl4nl-6SQLdZAANr2Vs3NIs237.jpg!op_type=3&columns=640&rows=640,2020-02-12 19:58:04
38,æ£‰èŠ±ç³•,85,æ¶é¾™å’†å“®å•Šå‘œ,2020-02-12 18:58:19,,32,11,118,http://imagev2.xmcdn.com/group70/M08/2A/96/wKgO2F4lZunxTRbaAAGEVu7jIgs436.jpg!op_type=3&columns=640&rows=640,2020-02-12 19:58:04
39,æŸ æª¬ç³–,23,åˆšå¥½é‡è§ä½ ,2020-02-12 19:05:04,,48,43,389,http://imagev2.xmcdn.com/group65/M00/C7/7B/wKgMdF2PM9HSX-zaAAJPJwsIlv0945.jpg!op_type=3&columns=640&rows=640,2020-02-12 19:58:04
40,ç¥ç»9,183,è¿›æ¥å§~é‡Œé¢çƒ­ä¹~,2020-02-12 18:24:49,,48,21,1174,http://imagev2.xmcdn.com/group62/M03/C0/95/wKgMcV0WGA2TW7VEAA6HHc15gOU634.gif!op_type=3&columns=640&rows=640,2020-02-12 19:58:04
41,å°äºŒè›‹,53,çƒ­æƒ…çš„è›‹è›‹,2020-02-12 19:17:09,,48,13,515,http://imagev2.xmcdn.com/group71/M0B/28/10/wKgO2V4_WE-i87JVAAEc8hRDMVw107.jpg!op_type=3&columns=640&rows=640,2020-02-12 19:58:04
42,è‚Œè‚‰ä»¬,146,é‡è§ä½ æ˜¯ä¸€åœºä¿®è¡ŒğŸ’•,2020-02-12 16:58:59,,28,315,1684,http://imagev2.xmcdn.com/group70/M04/D2/FD/wKgO2F4xLyOAArByAAFvWEGcIHU679.jpg!op_type=3&columns=640&rows=640,2020-02-12 19:58:04
43,å†·å¢¨æ²,33,åç­‰æµ®ç”Ÿå“¥å“¥çš„é«˜å®,2020-02-12 18:02:55,2020-02-12 19:53:13,53,0,95,http://imagev2.xmcdn.com/group57/M08/56/C0/wKgLgV33obri2qpOAADIipYUcjw713.jpg!op_type=3&columns=640&rows=640,2020-02-12 19:58:05
44,ç–¯é©¬ç¾¤,9,é‡é©¬å“¥å“¥,2020-02-12 19:26:33,,32,3,13,http://imagev2.xmcdn.com/group70/M01/44/14/wKgOzl5ABayCvl_aAACW3SQUWvs776.jpg!op_type=3&columns=640&rows=640,2020-02-12 19:58:05
45,æ¥šå¤§å®,134,ä¸€åˆ‡éƒ½å¥½â¤ï¸,2020-02-12 19:00:41,,28,54,679,http://imagev2.xmcdn.com/group70/M02/4E/54/wKgOzl4XHifQ1krFABL2pds7kEE192.gif!op_type=3&columns=640&rows=640,2020-02-12 19:58:05
46,ç§‹è°£,311,INæ ¸ä¸»æ’­_ç§‹æ ‘,2020-02-12 19:31:05,,48,38,370,http://imagev2.xmcdn.com/group54/M05/FB/26/wKgLfV32PVTAjl37AAJ5gmCHjZE447.jpg!op_type=3&columns=640&rows=640,2020-02-12 19:58:05
47,CVå®,9,å®å„¿å½•ä¹¦é—´ï¼Œæ¬¢è¿å›å®¶,2020-02-12 18:25:00,,41,10,75,http://imagev2.xmcdn.com/group70/M09/23/5C/wKgOzl4k_E_QaFDFAAHAsGiam6g282.jpg!op_type=3&columns=640&rows=640,2020-02-12 19:58:05
48,å²šå¿ƒé˜,52,æˆ‘ç”¨å¿ƒå”± ä½ ç”¨å¿ƒå¬,2020-02-12 18:38:51,,48,8,73,http://imagev2.xmcdn.com/group64/M02/CE/EA/wKgMaV1-2DiB6q0SAAD0u44_pY4339.jpg!op_type=3&columns=640&rows=640,2020-02-12 19:58:05
49,YZC,82,TK_æ²§æµ·çš„ç›´æ’­,2020-02-12 18:42:09,,66,7,95,http://imagev2.xmcdn.com/group65/M06/31/53/wKgMal1hfD2T1WB9AAKHnB5O1AQ754.jpg!op_type=3&columns=640&rows=640,2020-02-12 19:58:05
50,ç‘°å®å„¿,201,ğŸ˜‹ç¾å¥½äººé—´è¡¥ç»™ç«™,2020-02-12 18:00:45,,32,67,2552,http://imagev2.xmcdn.com/group58/M02/79/3A/wKgLglzm8yCzObamAACtAnUbZfA595.jpg!op_type=3&columns=640&rows=640,2020-02-12 20:58:00
51,,0,è„±å•è¡ŒåŠ¨äººäººæœ‰è´£ã€‚,2020-02-12 19:59:41,,95,4,91,http://imagev2.xmcdn.com/group70/M08/2D/11/wKgO2F4_bcKiJlctAACJbHIeVbU786.jpg!op_type=3&columns=640&rows=640,2020-02-12 20:58:00
52,æ¯’å°ä»™,533,â¤ï¸ç™¾å¤©ç‰¹åˆ«åœºâ¤ï¸,2020-02-12 20:43:37,,32,263,1593,http://imagev2.xmcdn.com/group72/M02/2A/BE/wKgO0F46dGSisu9pAAIQQl_5uWU425.jpg!op_type=3&columns=640&rows=640,2020-02-12 20:58:00
53,æ€ªå…½v,220,ã€å¸¦ä½ å»æ—…è¡Œã€‘,2020-02-12 19:28:53,,48,219,1358,http://imagev2.xmcdn.com/group61/M06/BD/7E/wKgMZl0MUPayRqMRABPj3XOiyyI439.gif!op_type=3&columns=640&rows=640,2020-02-12 20:58:00
54,æ·å®,291,æ·åœ°æœ‰å£°çš„ç›´æ’­,2020-02-12 19:58:04,,32,116,1665,http://imagev2.xmcdn.com/group9/M09/61/91/wKgDZlXV59Dz6b7HAADsx4-s-p0207.jpg!op_type=3&columns=640&rows=640,2020-02-12 20:58:00
55,è¾°çš„å®¶,21,å› ä¸ºæœ‰ä½ ï¼Œå¿ƒç”Ÿæ¬¢å–œ,2020-02-12 19:10:29,,48,31,1942,http://imagev2.xmcdn.com/group71/M04/D5/C4/wKgOz14Os57CupkZAACXsI9Eyv0325.jpg!op_type=3&columns=640&rows=640,2020-02-12 20:58:00
56,å¥³ç‹æ¢¦,202,ä¸ºä½ è€Œæ­ŒğŸ’—å¼€å¼€,2020-02-12 20:02:27,,48,45,800,http://imagev2.xmcdn.com/group71/M03/7F/2D/wKgO2V4rGh6B80JjAAE806SqkBE267.jpg!op_type=3&columns=640&rows=640,2020-02-12 20:58:01
57,èŒå›§å„¿,189,æˆ‘çˆ±ä½ ğŸ’•æ— ç•äººæµ·çš„æ‹¥æŒ¤,2020-02-12 19:55:43,,71,16,330,http://imagev2.xmcdn.com/group50/M00/34/64/wKgKmVvuoK6iBj6XAASzZtvuqWk683.jpg!op_type=3&columns=640&rows=640,2020-02-12 20:58:01
58,æ´»ç€,114,æ°‘è°£ä¸æ•…äº‹ï¼Œå‰ä»–ä¸è¿œæ–¹ï¼,2020-02-12 19:32:29,,64,53,1935,http://imagev2.xmcdn.com/group71/M05/55/63/wKgO2V5BA5vQ8qZZAAGzdNq7u8M894.jpg!op_type=3&columns=640&rows=640,2020-02-12 20:58:01
59,é™ä¹å›¢,93,æƒ³è§ä½ æƒ³è§ä½ æƒ³è§ä½ ,2020-02-12 19:14:29,,28,19,734,http://imagev2.xmcdn.com/group72/M02/32/7B/wKgO0F4uipPiHRcHAACFDM2knkA126.jpg!op_type=3&columns=640&rows=640,2020-02-12 20:58:01
60,,0,æ·±åº¦æ–­èˆç¦»,2020-02-12 19:58:19,,35,277,3385,http://imagev2.xmcdn.com/group71/M01/0F/CA/wKgOz14-SdzQReZ0AABZhPnapHg664.jpg!op_type=3&columns=640&rows=640,2020-02-12 20:58:01
61,é¹¿å•Šé¹¿,30,ğŸ¦Œï½œç­‰é£ç­‰é›¨ä¹Ÿç­‰ä½ ,2020-02-12 18:03:05,,79,9,1087,http://imagev2.xmcdn.com/group72/M00/ED/A4/wKgO0F45NUrRuwutAAKshAywois154.jpg!op_type=3&columns=640&rows=640,2020-02-12 20:58:01
62,å°å…‰èŠ’,269,ä½ çš„æ™šå®‰éŸ³ä¹æ—¶å…‰,2020-02-12 20:24:20,,48,18,381,http://imagev2.xmcdn.com/group60/M05/E8/36/wKgLb11IHg_BMa1TAACQykMgVwo707.jpg!op_type=3&columns=640&rows=640,2020-02-12 20:58:01
63,å¤é›¨9,14,å¹´è½»äººï¼ŒåŠä½ æ´»çš„å¤§çˆ·ç‚¹,2020-02-12 19:34:09,,32,8,83,http://imagev2.xmcdn.com/group70/M0B/85/CA/wKgOzl4r-mig1l3PAACHWOTS6lc965.jpg!op_type=3&columns=640&rows=640,2020-02-12 20:58:01
64,æˆ’å­,168,çƒŸå—“å¼æƒ…æ­Œ,2020-02-12 20:16:50,,28,15,90,http://imagev2.xmcdn.com/group65/M04/4C/87/wKgMal1Q1kfyufQlAACk-27qbzc885.jpg!op_type=3&columns=640&rows=640,2020-02-12 20:58:01
65,ä¹‹è´°å®¶,284,å”±æ­Œçš„ä¹‹è´°,2020-02-12 18:29:02,,48,22,1354,http://imagev2.xmcdn.com/group70/M02/2B/17/wKgOzl4UhNSjSSVGAAeDUhPSlLU539.jpg!op_type=3&columns=640&rows=640,2020-02-12 20:58:02
66,æ¨±è¯­è¯º,107,ä¸€æ­¥ä¸¤æ­¥ä¸‰æ­¥å››æ­¥æœ›ç€å¤©âœ¨,,,32,0,0,http://imagev2.xmcdn.com/group71/M0A/A0/3A/wKgO2V4cwdLC-5gAAACcK2fHpps001.jpg!op_type=3&columns=640&rows=640,2020-02-12 20:58:02
67,é›¨ç‚¹å›¢,270,æ¼”æ’­äººæ˜Ÿé›¨,2020-02-12 19:06:28,,41,29,963,http://imagev2.xmcdn.com/group69/M05/96/C9/wKgMb13AOD2h90LPAAIjTUMfPVE397.jpg!op_type=3&columns=640&rows=640,2020-02-12 20:58:02
68,çˆ±ç™½åºœ,366,æµ®ç”Ÿå·å¾—åŠæœˆé—²,2020-02-12 19:30:02,,48,90,384,http://imagev2.xmcdn.com/group71/M04/2A/B8/wKgOz14UjBuyYzDSAAB15dNWfkw846.jpg!op_type=3&columns=640&rows=640,2020-02-12 20:58:02
69,å°æ¥ ç“œ,100,ä¸–ç•Œè¿™ä¹ˆå¤§è¿˜æ˜¯é‡è§ä½ ,2020-02-12 19:47:10,,48,12,177,http://imagev2.xmcdn.com/group71/M04/2E/56/wKgO2V4UylDQuWCCAAHiHUUn4-E509.jpg!op_type=3&columns=640&rows=640,2020-02-12 20:58:02
70,33å•Š,21,ç¥æˆ‘ç”Ÿæ—¥å¿«ä¹ğŸ°,2020-02-12 19:54:08,,95,5,78,http://imagev2.xmcdn.com/group72/M01/40/E8/wKgO0F4CBr2jmd8-AABFlBhuUds030.jpg!op_type=3&columns=640&rows=640,2020-02-12 20:58:02
71,ç¾ç¾ç¾,142,æ¢¦é‡Œæ¢¦åˆ°é†’ä¸æ¥çš„æ¢¦,2020-02-12 19:28:07,,28,20,1209,http://imagev2.xmcdn.com/group60/M0B/25/22/wKgLb1zvUyqBnQpKAAAlfGgMPVA478.jpg!op_type=3&columns=640&rows=640,2020-02-12 20:58:02
72,ç–¯é©¬ç¾¤,9,é‡é©¬å“¥å“¥,2020-02-12 19:26:33,2020-02-12 20:28:30,32,0,89,http://imagev2.xmcdn.com/group70/M01/44/14/wKgOzl5ABayCvl_aAACW3SQUWvs776.jpg!op_type=3&columns=640&rows=640,2020-02-12 20:58:02
73,åƒåƒ,25,1,2020-02-12 19:39:50,,48,4,66,http://imagev2.xmcdn.com/group71/M02/6B/48/wKgO2V5B5oyR0-6kAAEkcxZe7wc215.jpg!op_type=3&columns=640&rows=640,2020-02-12 20:58:02
74,æœå…‹,177,ä½ å«ä»€ä¹ˆåå­—â€¦â€¦,2020-02-12 19:53:11,,64,19,131,http://imagev2.xmcdn.com/group64/M03/DA/6F/wKgMc11t6QmwwZtCAAOq9YwEfk0963.jpg!op_type=3&columns=640&rows=640,2020-02-12 20:58:03
75,å°ä»˜å“¥,55,ä»˜ä½°ä¸‡çš„ç›´æ’­,2020-02-12 17:58:25,,48,14,224,http://imagev2.xmcdn.com/group71/M05/57/0D/wKgOz14X8Xnxob1XAAB1AiygbyY662.jpg!op_type=3&columns=640&rows=640,2020-02-12 20:58:03
76,æœ«å®¶å†›,30,èŒæ–°æ±‚é¢†å…»ï¼Œå¸¦èµ°ï¼,2020-02-12 20:08:39,,95,8,91,http://imagev2.xmcdn.com/group70/M03/0D/3E/wKgO2F4jPunCde5cAAChPVxPlqA735.jpg!op_type=3&columns=640&rows=640,2020-02-12 20:58:03
77,å–œé“é“,59,é¾™ç‹ä¼ è¯´å®Œç»“æš¨é¾™ç‹æ®¿å®£ä¼ ,2020-02-12 20:11:40,,41,255,2961,http://imagev2.xmcdn.com/group70/M08/79/D6/wKgOzl4qopDwC90CAAB_OX0NE1E805.jpg!op_type=3&columns=640&rows=640,2020-02-12 20:58:03
78,bes,132,å”±ä¸€é¦–å®é™çš„æ—¶å…‰,2020-02-12 19:28:39,,64,14,142,http://imagev2.xmcdn.com/group70/M06/07/6C/wKgO2F4zzEGRsPGfAACPq41-nnk797.jpg!op_type=3&columns=640&rows=640,2020-02-12 20:58:03
79,å“‡è¯­ç³,599,çˆ±ä½ ä¸€æ•´ä¸ªä¸–çºªâœ¨,2020-02-12 19:32:39,,70,164,2265,http://imagev2.xmcdn.com/group65/M01/28/B1/wKgMdF1g9hmzI_aIAAKkaLF9EMQ593.jpg!op_type=3&columns=640&rows=640,2020-02-12 20:58:03
80,èƒ–å¤§æµ·,236,æµ·é£é£¨é£æ—_ä¸‰æœˆä¸‰çš„ç›´æ’­,2020-02-12 20:01:11,,41,27,190,http://imagev2.xmcdn.com/group71/M05/80/B7/wKgOz1446oWTE66wACwevT7-a1A514.gif!op_type=3&columns=640&rows=640,2020-02-12 20:58:03
81,æœºå™¨å–µ,43,ç¬‘å£°ä¼šä¼ æŸ“å“Ÿï½œç™¾å˜æ¸©æŸ”æ²»æ„ˆç³»,2020-02-12 19:58:17,,32,9,104,http://imagev2.xmcdn.com/group72/M02/26/56/wKgO0F46ZIWT2UwBAACB9377m4U752.jpg!op_type=3&columns=640&rows=640,2020-02-12 20:58:03
82,ä¸ƒä¹å›­,201,ä¸ƒï¼ç­‰ä½ ä»¬,2020-02-12 18:58:32,,28,30,745,http://imagev2.xmcdn.com/group63/M08/19/E6/wKgMcl0PkzCB9yHiAADrBJ42-Oc381.jpg!op_type=3&columns=640&rows=640,2020-02-12 20:58:03
83,ç‹å­9,119,æç‚¹å¤œå®µ778,,,32,1,16,http://imagev2.xmcdn.com/group70/M05/2D/17/wKgO2F41WW7j_DbUAABlpPLpN_Q999.jpg!op_type=3&columns=640&rows=640,2020-02-12 20:58:04
84,ç±³è‹,31,ä¹…å¤„ä¸åŒæœ€éš¾å¯»,2020-02-12 20:10:22,,32,6,59,http://imagev2.xmcdn.com/group71/M01/A3/23/wKgOz15DxhuzElE4AAKd84aykwo293.jpg!op_type=3&columns=640&rows=640,2020-02-12 20:58:04
85,å¨å¨å‘€,41,åšå¨å¨_å¿ƒæ´¾çš„ç›´æ’­,2020-02-12 19:24:57,,28,9,97,http://imagev2.xmcdn.com/group71/M00/3E/96/wKgOz14mqSOzAe-hAADhcYw1zBc794.jpg!op_type=3&columns=640&rows=640,2020-02-12 20:58:04
86,è‰¾ç»´å°”,64,æ‘‡æ»šå°å­å‘¨ç»´å°”çš„ç›´æ’­,2020-02-12 18:49:16,,48,10,385,http://imagev2.xmcdn.com/group72/M07/BC/23/wKgO0F4YjW_Ds86OAACpFvhQXJQ917.jpg!op_type=3&columns=640&rows=640,2020-02-12 20:58:04
87,æ¸¸çµå„¿,89,è¿·äººçš„å±é™©ï¼ğŸ¦„âš ï¸,2020-02-12 19:24:08,,58,6,142,http://imagev2.xmcdn.com/group70/M0A/9D/AC/wKgO2F4ty4OBvRQwAADgMBcOoHg191.jpg!op_type=3&columns=640&rows=640,2020-02-12 20:58:04
88,é»‘è±†ç™½,132,æ•…ä¹¡çš„äº‘,2020-02-12 19:30:18,2020-02-12 20:53:52,57,4,230,http://imagev2.xmcdn.com/group72/M08/E9/F2/wKgO0F5DS1aioXrBAABzBDv0QPs121.jpg!op_type=3&columns=640&rows=640,2020-02-12 20:58:04
89,è¥¿é—¨åºœ,271,ä½ æœ‰ä¸€ä¸ªå¥½å£°éŸ³å¾…ç­¾æ”¶,2020-02-12 20:00:41,,48,21,434,http://imagev2.xmcdn.com/group54/M01/3A/01/wKgLfVwYcCTjz1vfAAC6YOEcZS8831.jpg!op_type=3&columns=640&rows=640,2020-02-12 20:58:04
90,æœ¨å­L,100,ä¸­è‹±å”±æ’­Lee 2-12,2020-02-12 18:32:29,,48,14,366,http://imagev2.xmcdn.com/group62/M00/2E/75/wKgMcV0aGi2R58dOAABd3WiJy7g429.jpg!op_type=3&columns=640&rows=640,2020-02-12 20:58:04
91,ç¥ç»9,183,è¿›æ¥å§~é‡Œé¢çƒ­ä¹~,2020-02-12 18:24:49,,48,19,1372,http://imagev2.xmcdn.com/group62/M03/C0/95/wKgMcV0WGA2TW7VEAA6HHc15gOU634.gif!op_type=3&columns=640&rows=640,2020-02-12 20:58:04
92,æ—æµ·,68,æ»¡æœˆæ´¾å¯¹çº¢åŒ…é›¨ç­‰ä½ æ¥å—¨ï¼,2020-02-12 19:00:33,,32,25,1595,http://imagev2.xmcdn.com/group72/M07/6C/56/wKgO0F4V0XHSGlEsAADV9x4hYss705.jpg!op_type=3&columns=640&rows=640,2020-02-12 20:58:05
93,é€—å®¶å±¯,1015,åç”·å­©å­¦é™¢ï½å°è•¾è•¾å† ,2020-02-12 18:43:06,,70,135,3070,http://imagev2.xmcdn.com/group63/M01/6A/23/wKgMaF1GpKDy57iYAAWZOVoAIp8446.gif!op_type=3&columns=640&rows=640,2020-02-12 20:58:05
94,611,81,ä¸»æ’­è·ä½ 0.01km,2020-02-12 19:26:25,,48,13,118,http://imagev2.xmcdn.com/group61/M08/D9/7B/wKgMcF3yR23xIFP5AACteBvumFo347.jpg!op_type=3&columns=640&rows=640,2020-02-12 20:58:05
95,ç«¹å›­,309,å¾€åä½™ç”Ÿï¼Œæˆ‘æ¥å•¦,2020-02-12 20:02:03,,71,156,477,http://imagev2.xmcdn.com/group63/M05/7E/B3/wKgMaF0J4W6TKVd6ABJsVR5NYNI100.png!op_type=3&columns=640&rows=640,2020-02-12 20:58:05
96,Xçƒ­åº¦,274,å¼¹å”±çš„å•¾,2020-02-12 18:03:05,2020-02-12 20:40:06,64,6,1777,http://imagev2.xmcdn.com/group59/M06/99/4C/wKgLelzor2bwsmFwAAlfOYDV0VA233.gif!op_type=3&columns=640&rows=640,2020-02-12 20:58:05
97,å¦‚æœè¯´,19,å¶ç„¶è·¯è¿‡äººé—´ï¼Œæƒ³è·Ÿä½ èŠä¸€ä¸‹å¤©,2020-02-12 19:58:43,,67,3,37,http://imagev2.xmcdn.com/group66/M07/47/AA/wKgMdV2G4BOxClgrAALbMOy2h6A984.jpg!op_type=3&columns=640&rows=640,2020-02-12 20:58:05
98,SOD,74,æ˜¥é›¨å¦‚é…’ æŸ³å¦‚çƒŸ,2020-02-12 18:38:03,,48,16,191,http://imagev2.xmcdn.com/group61/M04/07/DF/wKgMcF0E5kWxmu2yABsKIvFy_c8919.gif!op_type=3&columns=640&rows=640,2020-02-12 20:58:05
99,è“å°ä¸»,186,ç¿»å”±å°å§å§ï½,2020-02-12 20:00:10,,48,17,360,http://imagev2.xmcdn.com/group70/M0A/28/71/wKgO2F4lRc_jBE-_AAG14DLPzls792.jpg!op_type=3&columns=640&rows=640,2020-02-12 20:58:05
100,æŠ¤ä¸ƒå›¢,58,ä½ çš„å°å¯çˆ±å·²ä¸Šçº¿ã€‚,2020-02-12 19:26:47,,57,12,567,http://imagev2.xmcdn.com/group71/M07/20/55/wKgO2V4-ukGDC3PFAAGB-oXSfu8887.jpg!op_type=3&columns=640&rows=640,2020-02-12 21:58:00
101,è“å°ä¸»,186,ç¿»å”±å°å§å§ï½,2020-02-12 20:00:10,,48,16,852,http://imagev2.xmcdn.com/group70/M0A/28/71/wKgO2F4lRc_jBE-_AAG14DLPzls792.jpg!op_type=3&columns=640&rows=640,2020-02-12 21:58:00
102,å¬é£,546,2.12çœŸÂ·ç›´æ’­å’Œå½•ä¹¦~,2020-02-12 21:01:04,,41,132,2027,http://imagev2.xmcdn.com/group65/M07/E6/9D/wKgMdF1b7FeivH_vAACm-NCNCR4373.jpg!op_type=3&columns=640&rows=640,2020-02-12 21:58:00
103,æ€ªå…½v,220,ã€å¸¦ä½ å»æ—…è¡Œã€‘,2020-02-12 19:28:53,,48,213,1913,http://imagev2.xmcdn.com/group61/M06/BD/7E/wKgMZl0MUPayRqMRABPj3XOiyyI439.gif!op_type=3&columns=640&rows=640,2020-02-12 21:58:01
104,æ¯’å°ä»™,536,â¤ï¸ç™¾å¤©ç‰¹åˆ«åœºâ¤ï¸,2020-02-12 20:43:37,,32,118,4653,http://imagev2.xmcdn.com/group72/M02/2A/BE/wKgO0F46dGSisu9pAAIQQl_5uWU425.jpg!op_type=3&columns=640&rows=640,2020-02-12 21:58:01
105,æ–‡æ–‡æ–‡,300,æˆ‘æƒ³å’Œä½ è™šåº¦æ—¶å…‰,2020-02-12 21:03:22,,28,54,903,http://imagev2.xmcdn.com/group62/M09/8A/1E/wKgMcV0KNGnxqjjhAAC-M6PfFYc369.jpg!op_type=3&columns=640&rows=640,2020-02-12 21:58:01
106,æµ…è‰²è°ƒ,110,â¥ å® ç²‰ä¸»æ’­ä¸Šçº¿ æµ…å®¶æ‹›ç®¡ç†,2020-02-12 19:51:54,,32,164,2839,http://imagev2.xmcdn.com/group72/M00/0B/C7/wKgO0F4SeevAjPaLAAG4M0Lq8lQ489.jpg!op_type=3&columns=640&rows=640,2020-02-12 21:58:01
107,è‹å¦²å·±,673,è¿™ä¸ªå£°éŸ³å¾ˆä¸Šå¤´,2020-02-12 20:04:17,,48,68,1909,http://imagev2.xmcdn.com/group61/M05/65/01/wKgMcF0I0XzyFHs1AEl4Kx0Jz9Q226.gif!op_type=3&columns=640&rows=640,2020-02-12 21:58:01
108,é™ä¹å›¢,94,æƒ³è§ä½ æƒ³è§ä½ æƒ³è§ä½ ,2020-02-12 19:14:29,,28,19,1182,http://imagev2.xmcdn.com/group72/M02/32/7B/wKgO0F4uipPiHRcHAACFDM2knkA126.jpg!op_type=3&columns=640&rows=640,2020-02-12 21:58:01
109,ç‘°å®å„¿,201,ç¾å¥½äººé—´è¡¥ç»™ç«™â¤ï¸,,,32,11,42,http://imagev2.xmcdn.com/group58/M02/79/3A/wKgLglzm8yCzObamAACtAnUbZfA595.jpg!op_type=3&columns=640&rows=640,2020-02-12 21:58:01
110,å°é£èŠ±,528,æ¬¢è¿æ¥åˆ°é›ªæœˆä¹‹ä¸‹çš„ç›´æ’­é—´,2020-02-12 19:59:59,,93,72,1939,http://imagev2.xmcdn.com/group22/M09/01/C6/wKgJM1iJQV7xQdqsAAAomTSOeYc98.jpeg!op_type=3&columns=640&rows=640,2020-02-12 21:58:01
111,æ·å®,295,æ·åœ°æœ‰å£°çš„ç›´æ’­,2020-02-12 19:58:04,,32,121,3237,http://imagev2.xmcdn.com/group9/M09/61/91/wKgDZlXV59Dz6b7HAADsx4-s-p0207.jpg!op_type=3&columns=640&rows=640,2020-02-12 21:58:02
112,å¤åºœ,922,å¤æ˜¥ç‘¶çš„ç›´æ’­é—´,2020-02-12 20:07:57,,95,410,1669,http://imagev2.xmcdn.com/group63/M02/D4/4A/wKgMcl0fdLmQ_bFWAAHXUJoySrE698.jpg!op_type=3&columns=640&rows=640,2020-02-12 21:58:02
113,ä¸‰æœˆä¸‰,457,ä¹±å“¼å“¼çš„å”±æ’­,2020-02-12 21:29:47,,48,19,164,http://imagev2.xmcdn.com/group61/M09/2F/15/wKgMcF0p7SfC3uZpAAKnG_YBC7U320.jpg!op_type=3&columns=640&rows=640,2020-02-12 21:58:02
114,ä½•å¿§å®¶,253,é—²èŠçå”±,2020-02-12 21:00:37,,90,16,162,http://imagev2.xmcdn.com/group64/M00/A9/AA/wKgMaV18Uf3zV7GaAAEopqcmbCg339.jpg!op_type=3&columns=640&rows=640,2020-02-12 21:58:02
115,å¤ªå®¸å®«,19,ç­‰é£ä¹Ÿç­‰ä½ ,2020-02-12 19:31:46,2020-02-12 21:32:32,48,0,153,http://imagev2.xmcdn.com/group71/M07/5E/93/wKgO2V4oblyjZvKiAABDC937fQA122.jpg!op_type=3&columns=640&rows=640,2020-02-12 21:58:02
116,ä»»å¤©å ‚,762,æ­ªç†â€œé‚ªâ€è¯´ï¼š200212,2020-02-12 20:00:05,,41,136,3245,http://imagev2.xmcdn.com/group6/M02/7A/68/wKgDhFT79TiCgRvrAAEtp4BZops577.jpg!op_type=3&columns=640&rows=640,2020-02-12 21:58:02
117,æ©˜ç´«é…±,60,å¼€æ’­å•¦â¤ï¸,2020-02-12 21:01:25,,48,7,97,http://imagev2.xmcdn.com/group72/M04/1E/43/wKgO0F4J0p_Ae1FgAAooN3JQHIo416.gif!op_type=3&columns=640&rows=640,2020-02-12 21:58:02
118,å²©å®,64,é™ªä½ åº¦è¿‡æ¼«é•¿å²æœˆğŸ’•,2020-02-12 19:14:59,2020-02-12 21:55:57,95,2,177,http://imagev2.xmcdn.com/group65/M08/99/9E/wKgMal2MN4_BFg2uAAB-7wuOQ-M791.jpg!op_type=3&columns=640&rows=640,2020-02-12 21:58:02
119,bes,133,å”±ä¸€é¦–å®é™çš„æ—¶å…‰,2020-02-12 19:28:39,,64,5,209,http://imagev2.xmcdn.com/group70/M06/07/6C/wKgO2F4zzEGRsPGfAACPq41-nnk797.jpg!op_type=3&columns=640&rows=640,2020-02-12 21:58:03
120,è¾°å…‰,556,æ²»æ„ˆä½ çš„ä¸å¼€å¿ƒ,2020-02-12 21:10:54,,93,129,1695,http://imagev2.xmcdn.com/group57/M09/71/BC/wKgLd1xveprTGGC5AAGTW0i2zM8396.jpg!op_type=3&columns=640&rows=640,2020-02-12 21:58:03
121,å¥³ç‹æ¢¦,202,ä¸ºä½ è€Œæ­ŒğŸ’—å¼€å¼€,2020-02-12 20:02:27,,48,44,1435,http://imagev2.xmcdn.com/group71/M03/7F/2D/wKgO2V4rGh6B80JjAAE806SqkBE267.jpg!op_type=3&columns=640&rows=640,2020-02-12 21:58:03
122,æŠ˜èŠ±,67,åŠ å·å…¬è·¯ ç‹¬ç«‹ç”·æ­Œ,2020-02-12 20:27:06,,48,10,132,http://imagev2.xmcdn.com/group70/M08/3A/8A/wKgO2F4_ysKj4AHAAACcpnUaGNQ307.jpg!op_type=3&columns=640&rows=640,2020-02-12 21:58:03
123,å†¬è±æ‰‡,225,å¤©ç„¶æ— å®³ï¼Œä¿æŒå¯çˆ±ğŸŒ¸,2020-02-12 20:32:32,,41,46,2122,http://imagev2.xmcdn.com/group70/M07/2B/59/wKgO2F4lcbriae09AAKxwZHrr9Y642.jpg!op_type=3&columns=640&rows=640,2020-02-12 21:58:03
124,ç“œæ£š,133,é‡è§ä½  æ˜¯æœ€ç¾å¥½çš„æ„å¤–,2020-02-12 19:31:06,,48,137,1424,http://imagev2.xmcdn.com/group67/M03/B0/85/wKgMd13CG0LQ6jtRAABvZtTexkI161.jpg!op_type=3&columns=640&rows=640,2020-02-12 21:58:03
125,å¥¶é¦™å‘³,729,ğŸ”¥ä½ çš„ç£¨äººçš„å°å¦–ç²¾,2020-02-12 20:01:09,,70,1418,5032,http://imagev2.xmcdn.com/group68/M05/C5/38/wKgMeF3zhv7A_XYQAABfElzCEjo995.jpg!op_type=3&columns=640&rows=640,2020-02-12 21:58:03
126,ç¾ç¾ç¾,655,æŸ³æš—èŠ±æ˜åˆä¸€å¥å„¿,2020-02-12 21:20:18,,57,47,449,http://imagev2.xmcdn.com/group45/M06/A9/9A/wKgKjluiPUXjr_F7AACTfqTWEww779.jpg!op_type=3&columns=640&rows=640,2020-02-12 21:58:03
127,ç‹äº¦,174,äº¦å£°åœ¨å¿ƒ,2020-02-12 20:32:46,,28,71,740,http://imagev2.xmcdn.com/group71/M07/8F/13/wKgO2V5DB7PC1gKJAAC3COEYEO4053.jpg!op_type=3&columns=640&rows=640,2020-02-12 21:58:04
128,æ‰¬æ²™å­,58,å–ç‚¹å°é…’å„¿,2020-02-12 20:25:12,,48,10,73,http://imagev2.xmcdn.com/group70/M08/65/22/wKgOzl4YkJSiIlRrAA9Su6pYgUM636.jpg!op_type=3&columns=640&rows=640,2020-02-12 21:58:04
129,é¢œå®¶å†›,242,ã€æƒ³å’Œä½ è™šåº¦æ—¶å…‰ã€‘,2020-02-12 21:00:13,,58,161,946,http://imagev2.xmcdn.com/group72/M0A/0B/93/wKgO0F4Iyk_Tl0AaAAHu5QgKSQE895.jpg!op_type=3&columns=640&rows=640,2020-02-12 21:58:04
130,å“‡è¯­ç³,599,çˆ±ä½ ä¸€æ•´ä¸ªä¸–çºªâœ¨,2020-02-12 19:32:39,,70,155,2872,http://imagev2.xmcdn.com/group65/M01/28/B1/wKgMdF1g9hmzI_aIAAKkaLF9EMQ593.jpg!op_type=3&columns=640&rows=640,2020-02-12 21:58:04
131,è¥¿ç“œç“œ,207,æ¥å•¦ï¼Œé‡Œè¾¹è¯·,2020-02-12 19:00:28,,32,24,5196,http://imagev2.xmcdn.com/group72/M05/39/3F/wKgO0F4UI1bBESM-AACs_hiPxDI352.jpg!op_type=3&columns=640&rows=640,2020-02-12 21:58:04
132,ç”©ç”©å®¶,394,2020.2.12æ•™ä¼šæˆ‘å¨è‰ºçš„ä¸æ˜¯çˆ±æƒ…~,2020-02-12 19:59:38,,41,76,2410,http://imagev2.xmcdn.com/group45/M03/C7/2B/wKgKlFtuk0bALQImAAImajJGdcs121.jpg!op_type=3&columns=640&rows=640,2020-02-12 21:58:04
133,çˆ±æ ¾å†›,35,æœ¨é±¼_LJçš„ç›´æ’­,2020-02-12 20:00:17,,48,8,268,http://imagev2.xmcdn.com/group62/M02/78/25/wKgMZ10ko16gWUAyAAHPtoBZrI8453.jpg!op_type=3&columns=640&rows=640,2020-02-12 21:58:04
134,ç§‹è°£,313,INæ ¸ä¸»æ’­_ç§‹æ ‘,2020-02-12 19:31:05,,48,40,1896,http://imagev2.xmcdn.com/group54/M05/FB/26/wKgLfV32PVTAjl37AAJ5gmCHjZE447.jpg!op_type=3&columns=640&rows=640,2020-02-12 21:58:04
135,è‹æ»´ç­”,201,å¿ƒä¼¼çƒŸç«,2020-02-12 20:43:27,,48,27,673,http://imagev2.xmcdn.com/group61/M03/0F/DE/wKgMZl0Pcpvi2717AADlYOMTSrI594.jpg!op_type=3&columns=640&rows=640,2020-02-12 21:58:04
136,æœå…‹,177,ä½ å«ä»€ä¹ˆåå­—â€¦â€¦,2020-02-12 19:53:11,,64,14,254,http://imagev2.xmcdn.com/group64/M03/DA/6F/wKgMc11t6QmwwZtCAAOq9YwEfk0963.jpg!op_type=3&columns=640&rows=640,2020-02-12 21:58:04
137,é¥²çŒªå‘˜,44,é€®è™¾æˆ·ï¼,2020-02-12 20:26:21,,48,5,67,http://imagev2.xmcdn.com/group71/M04/99/5D/wKgO2V5DhQ3AugGnAAM9oLmfksI842.jpg!op_type=3&columns=640&rows=640,2020-02-12 21:58:05
138,çˆ±å¾®å¾®,405,Heyï¼ä½ å¥½ï¼Œå¾ˆé«˜å…´è®¤è¯†ä½ ,2020-02-12 21:02:07,,48,258,630,http://imagev2.xmcdn.com/group62/M05/06/36/wKgMcV0YwF2gyVZuACavNLchVtY583.gif!op_type=3&columns=640&rows=640,2020-02-12 21:58:05
139,æ´¾æ´¾çš„,80,æƒ…æ„Ÿç±»æ­Œå”±,2020-02-12 20:31:34,,32,45,622,http://imagev2.xmcdn.com/group61/M0B/90/F1/wKgMZl0drAeDqAVXAACDstpq_Wg963.jpg!op_type=3&columns=640&rows=640,2020-02-12 21:58:05
140,æ´»ç€,114,æ°‘è°£ä¸æ•…äº‹ï¼Œå‰ä»–ä¸è¿œæ–¹ï¼,2020-02-12 19:32:29,,64,47,2979,http://imagev2.xmcdn.com/group71/M05/55/63/wKgO2V5BA5vQ8qZZAAGzdNq7u8M894.jpg!op_type=3&columns=640&rows=640,2020-02-12 21:58:05
141,å¾¡é˜,68,ç”œèœœå°‘å¾¡å‡»ä¸­ä½ â¤ï¸,2020-02-12 20:39:20,,32,9,258,http://imagev2.xmcdn.com/group63/M02/D7/42/wKgMcl0NBAKAjeMlAAJMTxvNUWU039.jpg!op_type=3&columns=640&rows=640,2020-02-12 21:58:05
142,æ¢¦å¢ƒé¦†,74,æœ‰è¿‡è·¯è¿‡ä¸è¦é”™è¿‡äº†å“ˆ,2020-02-12 20:06:42,2020-02-12 21:29:25,32,0,170,http://imagev2.xmcdn.com/group67/M04/49/CA/wKgMbV27zK6gsCV4AAIAE7VgPt8513.jpg!op_type=3&columns=640&rows=640,2020-02-12 21:58:05
143,é”¦é²¤åŒ,127,æƒ…æ„Ÿ | æ¸©æš–ä½ çš„è€³æœµ,2020-02-12 20:44:28,,32,55,2135,http://imagev2.xmcdn.com/group46/M08/0F/A5/wKgKj1tDchvQ6_AZAAOSa0tD7RI165.jpg!op_type=3&columns=640&rows=640,2020-02-12 21:58:05
144,è–‡å…‰,81,èŒæ–°ä¸»æ’­ï¼Œå—¨æ„Ÿæ©é‡è§,2020-02-12 20:56:44,,48,8,81,http://imagev2.xmcdn.com/group70/M0B/C2/A9/wKgOzl47bWrSZPM6AAD0Th7l34M541.jpg!op_type=3&columns=640&rows=640,2020-02-12 21:58:05
145,æ‹ç™½,130,ä»Šå¤©ä½ è¿˜å¥½ä¹ˆ,2020-02-12 20:00:15,,32,35,731,http://imagev2.xmcdn.com/group68/M00/8B/D9/wKgMeF3sxHqRuNARAACBUaicdb8816.jpg!op_type=3&columns=640&rows=640,2020-02-12 21:58:05
146,æ´›æ´›å‘€,64,ä½ çš„äººæ°”å¤é£å”±æ’­,2020-02-12 21:00:05,,90,15,86,http://imagev2.xmcdn.com/group64/M04/63/46/wKgMaV2byGOyw8nAAAFwPlxpYTE078.jpg!op_type=3&columns=640&rows=640,2020-02-12 21:58:06
147,å°æƒœ,89,å§—å§—æ¥è¿Ÿ,2020-02-12 18:49:45,,79,10,275,http://imagev2.xmcdn.com/group71/M06/FA/EF/wKgOz14zA3bQ8MAdAADGLz8-sQk029.jpg!op_type=3&columns=640&rows=640,2020-02-12 21:58:06
148,æ²«æ²«å„¿,186,â™¥ï¸æ¸©æŸ”è¿·äººâ™¥ï¸ç‡æ€§å¯çˆ±,2020-02-12 20:36:50,,48,56,788,http://imagev2.xmcdn.com/group70/M06/75/E8/wKgO2F44LW-zh3ReAAIzRSnRAqs814.jpg!op_type=3&columns=640&rows=640,2020-02-12 21:58:06
149,ç›ä¸½,216,é˜¿ç—£å‘³å„¿æƒ…æ­Œ,2020-02-12 20:02:53,,28,27,2427,http://imagev2.xmcdn.com/group71/M03/36/E2/wKgOz141rQrw2PMOAADqSxRqc8M483.jpg!op_type=3&columns=640&rows=640,2020-02-12 21:58:06
150,æ¸©å®,122,å£æ˜Œç™½å‹ºå¥³å­,2020-02-12 22:06:06,,55,17,145,http://imagev2.xmcdn.com/group61/M09/5A/2F/wKgMcF0tet2BurVFAARY2nTOvSA296.gif!op_type=3&columns=640&rows=640,2020-02-12 22:58:00
151,å¤©æ²³å®¶,781,å½•å½•éŸ³èŠèŠå¤©~,2020-02-12 19:51:56,,41,189,5351,http://imagev2.xmcdn.com/group11/M07/49/3C/wKgDbVcHFGTx-h2QAAiFKYoiQMg101.jpg!op_type=3&columns=640&rows=640,2020-02-12 22:58:00
152,æ¯’å°ä»™,537,â¤ï¸ç™¾å¤©ç‰¹åˆ«åœºâ¤ï¸,2020-02-12 20:43:37,,32,104,6079,http://imagev2.xmcdn.com/group72/M02/2A/BE/wKgO0F46dGSisu9pAAIQQl_5uWU425.jpg!op_type=3&columns=640&rows=640,2020-02-12 22:58:00
153,å¥¥è‰ç»™,103,ä¸èƒ½å‘ç”Ÿæ´»ä½å¤´,2020-02-12 22:00:59,,71,7,306,http://imagev2.xmcdn.com/group71/M02/DF/D0/wKgO2V48NTzSRXRRAAB2PiI26ls394.jpg!op_type=3&columns=640&rows=640,2020-02-12 22:58:00
154,å¤åºœ,922,å¤æ˜¥ç‘¶çš„ç›´æ’­é—´,2020-02-12 20:07:57,,95,415,2884,http://imagev2.xmcdn.com/group63/M02/D4/4A/wKgMcl0fdLmQ_bFWAAHXUJoySrE698.jpg!op_type=3&columns=640&rows=640,2020-02-12 22:58:00
155,é™ä¹å›¢,94,æƒ³è§ä½ æƒ³è§ä½ æƒ³è§ä½ ,2020-02-12 19:14:29,,28,11,1558,http://imagev2.xmcdn.com/group72/M02/32/7B/wKgO0F4uipPiHRcHAACFDM2knkA126.jpg!op_type=3&columns=640&rows=640,2020-02-12 22:58:00
156,å®‰å“²,204,heyï¼Œä½ å¥½å—â¤,2020-02-12 19:58:52,2020-02-12 22:31:27,48,4,829,http://imagev2.xmcdn.com/group62/M04/88/12/wKgMZ1z-SC-xZ2reAAOSvs_DC08446.gif!op_type=3&columns=640&rows=640,2020-02-12 22:58:00
157,ç†Šå‡ºæ²¡,180,æ™šä¸Šå¥½ï¼,2020-02-12 21:12:17,,28,85,313,http://imagev2.xmcdn.com/group48/M09/96/FC/wKgKnFumTVSiDPouAAF3V296tIg178.jpg!op_type=3&columns=640&rows=640,2020-02-12 22:58:00
158,è‹å¦²å·±,674,è¿™ä¸ªå£°éŸ³å¾ˆä¸Šå¤´,2020-02-12 20:04:17,,48,63,3210,http://imagev2.xmcdn.com/group61/M05/65/01/wKgMcF0I0XzyFHs1AEl4Kx0Jz9Q226.gif!op_type=3&columns=640&rows=640,2020-02-12 22:58:01
159,è–‡å…‰,82,èŒæ–°ä¸»æ’­ï¼Œå—¨æ„Ÿæ©é‡è§,2020-02-12 20:56:44,,48,57,3485,http://imagev2.xmcdn.com/group70/M0B/C2/A9/wKgOzl47bWrSZPM6AAD0Th7l34M541.jpg!op_type=3&columns=640&rows=640,2020-02-12 22:58:01
160,Gar,116,ä½åœ¨ä½ è€³æœµé‡Œ,2020-02-12 21:22:58,,48,45,866,http://imagev2.xmcdn.com/group66/M01/B4/E9/wKgMdV1qqTGxiLE2AAKra0UaO2w202.jpg!op_type=3&columns=640&rows=640,2020-02-12 22:58:01
161,è“é›†å›¢,138,è®©æˆ‘çš„æ­Œå£°é™ªä¼´ä½ ,2020-02-12 22:00:15,,48,24,639,http://imagev2.xmcdn.com/group68/M08/03/CA/wKgMbl3WfaeRIxkMAADbIkIPttc198.jpg!op_type=3&columns=640&rows=640,2020-02-12 22:58:01
162,ç¾ç¾ç¾,656,æŸ³æš—èŠ±æ˜åˆä¸€å¥å„¿,2020-02-12 21:20:18,,57,52,1078,http://imagev2.xmcdn.com/group45/M06/A9/9A/wKgKjluiPUXjr_F7AACTfqTWEww779.jpg!op_type=3&columns=640&rows=640,2020-02-12 22:58:01
163,å¬é£,546,2.12çœŸÂ·ç›´æ’­å’Œå½•ä¹¦~,2020-02-12 21:01:04,2020-02-12 22:28:13,41,13,3196,http://imagev2.xmcdn.com/group65/M07/E6/9D/wKgMdF1b7FeivH_vAACm-NCNCR4373.jpg!op_type=3&columns=640&rows=640,2020-02-12 22:58:01
164,æ¾œæœ‹å‹,130,æ™šå®‰ä¸¨é‚£ä¹ˆæ¸©æŸ”~,2020-02-12 22:00:38,2020-02-12 22:50:09,32,7,119,http://imagev2.xmcdn.com/group56/M03/0E/6F/wKgLgFyCkDKTPntTAAFAYMTwvLw696.jpg!op_type=3&columns=640&rows=640,2020-02-12 22:58:01
165,ç–¯è¨€ç–¯,310,ç”µå°ğŸ’«æ‹¥æŠ±å­¤ç‹¬çš„ä½ ,2020-02-12 21:59:53,,32,24,443,http://imagev2.xmcdn.com/group72/M0B/54/53/wKgO0F4LfXfSSr9LAAH-8qfDC4A721.jpg!op_type=3&columns=640&rows=640,2020-02-12 22:58:01
166,è¯—è€å¸ˆ,195,åŸå”±è¯—äºº__çš„ç›´æ’­,2020-02-12 22:13:32,,48,21,187,http://imagev2.xmcdn.com/group63/M0B/39/83/wKgMcl0HIsazqBFQAAHd746CnyA324.jpg!op_type=3&columns=640&rows=640,2020-02-12 22:58:01
167,è¿·è·¯äº†,834,å› ä¸ºå£°éŸ³,2020-02-12 21:13:32,,32,223,2928,http://imagev2.xmcdn.com/group72/M07/76/E0/wKgO0F4wX-mSDldUAADQ0UBGvlA908.jpg!op_type=3&columns=640&rows=640,2020-02-12 22:58:01
168,Gem,29,æ¸©æŸ”èœœé¥¯,2020-02-12 21:00:56,,32,5,107,http://imagev2.xmcdn.com/group71/M03/4A/5B/wKgO2V42n26zwlPyAAGcLbon0ks898.jpg!op_type=3&columns=640&rows=640,2020-02-12 22:58:02
169,ä¸ä¸,67,æ¥ä¸€ä¸ªå”åƒ§å¯å¥½,2020-02-12 21:39:01,,71,9,112,http://imagev2.xmcdn.com/group71/M08/4D/7A/wKgO2V42ta-B4flhAACTihpUn70737.jpg!op_type=3&columns=640&rows=640,2020-02-12 22:58:02
170,æ²«æ²«å„¿,186,â™¥ï¸æ¸©æŸ”è¿·äººâ™¥ï¸ç‡æ€§å¯çˆ±,2020-02-12 20:36:50,,48,56,1640,http://imagev2.xmcdn.com/group70/M06/75/E8/wKgO2F44LW-zh3ReAAIzRSnRAqs814.jpg!op_type=3&columns=640&rows=640,2020-02-12 22:58:02
171,ç”·ç¥K,103,é…¥éŸ³æš–å—“æ²»æ„ˆç”µå°,2020-02-12 21:49:44,,32,21,179,http://imagev2.xmcdn.com/group64/M08/A7/40/wKgMaV1WvGngAEteAABxnJOqYYU819.jpg!op_type=3&columns=640&rows=640,2020-02-12 22:58:02
172,æ´»ç€,114,æ°‘è°£ä¸æ•…äº‹ï¼Œå‰ä»–ä¸è¿œæ–¹ï¼,2020-02-12 19:32:29,,64,38,3852,http://imagev2.xmcdn.com/group71/M05/55/63/wKgO2V5BA5vQ8qZZAAGzdNq7u8M894.jpg!op_type=3&columns=640&rows=640,2020-02-12 22:58:02
173,å°å‹‹ç« ,273,å”±æ­Œå¬,2020-02-12 21:01:40,,28,23,431,http://imagev2.xmcdn.com/group70/M06/9C/BB/wKgO2F4KN8ixWug9AABJuAGDQvo724.jpg!op_type=3&columns=640&rows=640,2020-02-12 22:58:02
174,æš–äººi,207,ç”¨å£°éŸ³æ²»æ„ˆæ¯ä¸€ä¸ªå­¤ç‹¬æ‚£è€…,2020-02-12 22:01:39,,32,13,232,http://imagev2.xmcdn.com/group71/M08/66/16/wKgOz14Y8efz-cFTAACwDG3WfyM224.jpg!op_type=3&columns=640&rows=640,2020-02-12 22:58:02
175,è–‡å®¶å®,87,å¤©é’è‰²ç­‰çƒŸé›¨.è€Œæˆ‘åœ¨ç­‰ä½ ,2020-02-12 21:18:21,,28,9,237,http://imagev2.xmcdn.com/group62/M0B/AD/F9/wKgMZ10Li-XCFZeuABWKwSKD2dA210.gif!op_type=3&columns=640&rows=640,2020-02-12 22:58:02
176,é»„æ³¥å®¶,468,ç¬¬309ä¸ªå¤œæ™š,2020-02-12 21:15:20,,64,30,395,http://imagev2.xmcdn.com/group62/M01/B2/05/wKgMZ10ApcSg8SPmAACdyHqUWw8585.jpg!op_type=3&columns=640&rows=640,2020-02-12 22:58:02
177,æ˜¯é‡å“¥,32,æ›¾ç»åœ¨æˆ‘çœ¼å‰å´åˆæ¶ˆå¤±ä¸è§,2020-02-12 21:32:34,,48,9,82,http://imagev2.xmcdn.com/group71/M07/9E/DB/wKgO2V5DrFOA7eqTAAJ1wCI__rE719.jpg!op_type=3&columns=640&rows=640,2020-02-12 22:58:02
178,ä¸¸å­è‚‰,69,å¾¡å§éŸ³ï¼ˆé‡è§ä¸€ä¸ªä½ ï¼‰,2020-02-12 20:01:15,2020-02-12 22:37:34,28,0,118,http://imagev2.xmcdn.com/group71/M06/5B/7C/wKgO2V5BK9_h2qEIAACNUk0jP1A335.jpg!op_type=3&columns=640&rows=640,2020-02-12 22:58:03
179,çˆ±YO,753,åƒå¹´ç­‰ä¸€å›~ï¼ˆè€çš®å† åï¼‰,2020-02-12 20:31:00,,71,52,2426,http://imagev2.xmcdn.com/group72/M04/B4/C0/wKgO0F4F9FWQB3_KAAJmWWUoj7E764.jpg!op_type=3&columns=640&rows=640,2020-02-12 22:58:03
180,ç”©ç”©å®¶,395,2020.2.12æ•™ä¼šæˆ‘å¨è‰ºçš„ä¸æ˜¯çˆ±æƒ…~,2020-02-12 19:59:38,,41,82,3025,http://imagev2.xmcdn.com/group45/M03/C7/2B/wKgKlFtuk0bALQImAAImajJGdcs121.jpg!op_type=3&columns=640&rows=640,2020-02-12 22:58:03
181,è‚Œè‚‰ä»¬,146,é‡è§ä½ æ˜¯ä¸€åœºä¿®è¡ŒğŸ’•,2020-02-12 16:58:59,,28,28,2323,http://imagev2.xmcdn.com/group70/M04/D2/FD/wKgO2F4xLyOAArByAAFvWEGcIHU679.jpg!op_type=3&columns=640&rows=640,2020-02-12 22:58:03
182,çˆ±ç™½åºœ,366,æµ®ç”Ÿå·å¾—åŠæœˆé—²,2020-02-12 19:30:02,,48,85,658,http://imagev2.xmcdn.com/group71/M04/2A/B8/wKgOz14UjBuyYzDSAAB15dNWfkw846.jpg!op_type=3&columns=640&rows=640,2020-02-12 22:58:03
183,ç€æ–¯å¡”,108,ã€ä»Šå¤œæ˜Ÿå…‰é—ªé—ªã€‘,2020-02-12 20:57:02,,48,11,144,http://imagev2.xmcdn.com/group71/M0A/41/E9/wKgOz14m1U-DnCDFAAWHcm4Oz44441.jpg!op_type=3&columns=640&rows=640,2020-02-12 22:58:03
184,è¥¿ç±³éœ²,205,çµé­‚æ­Œæ‰‹â¤ç´¢ä½ä½ å¿ƒ2.12,2020-02-12 20:00:45,,48,67,488,http://imagev2.xmcdn.com/group64/M07/CE/94/wKgMaV36QGWyAjOrAACpoS3Jb28420.jpg!op_type=3&columns=640&rows=640,2020-02-12 22:58:03
185,è€å¯çˆ±,117,æ¸©æŸ”âœ¨ç»™ä½ çˆ±æƒ…ä¸æ­Œ,2020-02-12 20:14:02,,67,41,943,http://imagev2.xmcdn.com/group71/M08/28/59/wKgO2V41ObKS8CyyAAEm-kd6qHw600.jpg!op_type=3&columns=640&rows=640,2020-02-12 22:58:03
186,æ–‡æ–‡æ–‡,300,æˆ‘æƒ³å’Œä½ è™šåº¦æ—¶å…‰,2020-02-12 21:03:22,,28,37,1274,http://imagev2.xmcdn.com/group62/M09/8A/1E/wKgMcV0KNGnxqjjhAAC-M6PfFYc369.jpg!op_type=3&columns=640&rows=640,2020-02-12 22:58:03
187,å…®é¥­å›¢,321,æ™šå¥½æ™šå¥½,2020-02-12 21:47:28,,41,45,852,http://imagev2.xmcdn.com/group29/M03/A2/75/wKgJWVlKAN6BlKjkAADuKE1lj5c066.jpg!op_type=3&columns=640&rows=640,2020-02-12 22:58:04
188,Sof,194,æ™šé£,2020-02-12 21:35:38,,32,13,314,http://imagev2.xmcdn.com/group70/M05/B8/8B/wKgO2F4vvErR1uPMAAIRGZ03d_M111.jpg!op_type=3&columns=640&rows=640,2020-02-12 22:58:04
189,æœˆåŠ,91,åŠ æ²¹å‘€~,2020-02-12 21:57:31,,41,16,120,http://imagev2.xmcdn.com/group56/M04/90/08/wKgLdlyIv9ihz3Y1AABnyqh4urc850.jpg!op_type=3&columns=640&rows=640,2020-02-12 22:58:04
190,æ‰¬æ²™å­,58,å–ç‚¹å°é…’å„¿,2020-02-12 20:25:12,,48,8,110,http://imagev2.xmcdn.com/group70/M08/65/22/wKgOzl4YkJSiIlRrAA9Su6pYgUM636.jpg!op_type=3&columns=640&rows=640,2020-02-12 22:58:04
191,çˆ±è²è¯´,106,å¤§å“¥è·¯è¿‡ï¼Œä¸å‘æ˜¯é”™ï¼,2020-02-12 21:10:51,2020-02-12 22:55:19,71,2,503,http://imagev2.xmcdn.com/group72/M06/70/80/wKgO0F4MmOnx5xnaAAAir1WY49o007.jpg!op_type=3&columns=640&rows=640,2020-02-12 22:58:04
192,è“ç²¾ä¼¶,45,ä¸–ç•Œè¿™ä¹ˆå¤§è¿˜æ˜¯é‡è§ä½ ,2020-02-12 20:33:13,,48,7,345,http://imagev2.xmcdn.com/group71/M06/73/0D/wKgOz14HY4nTM5_oAAEhVXvSPTg489.jpg!op_type=3&columns=640&rows=640,2020-02-12 22:58:04
193,å°›èœ—å±…,51,æŠŠæœ€å¥½çš„éƒ½ç»™ä½ ,2020-02-12 21:01:42,,32,20,3870,http://imagev2.xmcdn.com/group70/M08/12/4F/wKgOzl4TBuzTp98lAAJ-8JTaikg130.jpg!op_type=3&columns=640&rows=640,2020-02-12 22:58:04
194,æœ¨æœ¨ä¼½,99,å‡›å†¬å¾®æš–ï½,2020-02-12 20:14:28,2020-02-12 22:48:47,48,0,255,http://imagev2.xmcdn.com/group70/M09/9C/CD/wKgOzl4KML6zhmtiAACUAQlGhoU471.jpg!op_type=3&columns=640&rows=640,2020-02-12 22:58:04
195,å”¯è¯ºw,75,æ‚¦è€³åŠ¨å¬ä¸¨ç¿»å”±ï¼†ç”µå°,2020-02-12 22:00:03,,32,17,171,http://imagev2.xmcdn.com/group66/M04/58/9C/wKgMa12Ho-Oikv4QAACS5v4PDS8975.jpg!op_type=3&columns=640&rows=640,2020-02-12 22:58:04
196,å—·é›¾,139,å”±æ­Œçš„éœ¾,2020-02-12 21:31:01,,48,11,183,http://imagev2.xmcdn.com/group65/M01/05/F9/wKgMdF1LynSBIIvbAACZqerAMsE189.jpg!op_type=3&columns=640&rows=640,2020-02-12 22:58:05
197,å¾¡é˜,68,ç”œèœœå°‘å¾¡å‡»ä¸­ä½ â¤ï¸,2020-02-12 20:39:20,,32,12,536,http://imagev2.xmcdn.com/group63/M02/D7/42/wKgMcl0NBAKAjeMlAAJMTxvNUWU039.jpg!op_type=3&columns=640&rows=640,2020-02-12 22:58:05
198,æ ©ä¸€çš„,33,è¦ä¹ˆåº¸ä¿—ï¼Œè¦ä¹ˆå­¤ç‹¬,,,64,0,3,http://imagev2.xmcdn.com/group57/M02/F3/E8/wKgLgVxdqfnCOAWhAAMBHjMLuAM756.jpg!op_type=3&columns=640&rows=640,2020-02-12 22:58:05
199,ç¢¾ä½œå°˜,67,åªæœ‰é¦™å¦‚æ•…~,2020-02-12 22:00:04,,71,5,88,http://imagev2.xmcdn.com/group62/M04/E4/92/wKgMZ10N4KOgkAiaAACua7EstrM396.jpg!op_type=3&columns=640&rows=640,2020-02-12 22:58:05
200,æ¸©å®,122,å£æ˜Œç™½å‹ºå¥³å­,2020-02-12 22:06:06,,55,17,333,http://imagev2.xmcdn.com/group61/M09/5A/2F/wKgMcF0tet2BurVFAARY2nTOvSA296.gif!op_type=3&columns=640&rows=640,2020-02-12 23:58:00
201,è“å°ä¸»,186,ç¿»å”±å°å§å§ï½,2020-02-12 20:00:10,,48,24,1404,http://imagev2.xmcdn.com/group70/M0A/28/71/wKgO2F4lRc_jBE-_AAG14DLPzls792.jpg!op_type=3&columns=640&rows=640,2020-02-12 23:58:00
202,ç²¾çµæ¢¦,97,æ¸©æš–å¦‚å®¶äººçš„å®ˆæŠ¤è€…â€¦ğŸ˜˜,2020-02-12 22:56:17,,32,103,1438,http://imagev2.xmcdn.com/group71/M01/3B/EC/wKgO2V4_6qzjKvsIAABoBs5sqBY960.jpg!op_type=3&columns=640&rows=640,2020-02-12 23:58:00
203,ç²¾çµæ¢¦,97,æ¸©æš–å¦‚å®¶äººçš„å®ˆæŠ¤è€…â€¦ğŸ˜˜,2020-02-12 22:56:17,,32,103,1438,http://imagev2.xmcdn.com/group71/M01/3B/EC/wKgO2V4_6qzjKvsIAABoBs5sqBY960.jpg!op_type=3&columns=640&rows=640,2020-02-12 23:58:00
204,é™ä¹å›¢,94,æƒ³è§ä½ æƒ³è§ä½ æƒ³è§ä½ ,2020-02-12 19:14:29,,28,11,1857,http://imagev2.xmcdn.com/group72/M02/32/7B/wKgO0F4uipPiHRcHAACFDM2knkA126.jpg!op_type=3&columns=640&rows=640,2020-02-12 23:58:00
205,æ¸©å®,122,å£æ˜Œç™½å‹ºå¥³å­,2020-02-12 22:06:06,,55,17,333,http://imagev2.xmcdn.com/group61/M09/5A/2F/wKgMcF0tet2BurVFAARY2nTOvSA296.gif!op_type=3&columns=640&rows=640,2020-02-12 23:58:00
206,èŒå½å½,89,è·ç¦»ä½ 5.21m,2020-02-12 22:31:25,,68,28,271,http://imagev2.xmcdn.com/group64/M04/C8/19/wKgMc11ZbE7AzNCcAAIGo6mBWUM857.jpg!op_type=3&columns=640&rows=640,2020-02-12 23:58:00
207,æ€ªå…½v,220,ã€å¸¦ä½ å»æ—…è¡Œã€‘,2020-02-12 19:28:53,2020-02-12 22:12:36,48,173,1989,http://imagev2.xmcdn.com/group61/M06/BD/7E/wKgMZl0MUPayRqMRABPj3XOiyyI439.gif!op_type=3&columns=640&rows=640,2020-02-12 23:58:00
208,è–‡å…‰,82,èŒæ–°ä¸»æ’­ï¼Œå—¨æ„Ÿæ©é‡è§,2020-02-12 20:56:44,,48,15,4663,http://imagev2.xmcdn.com/group70/M0B/C2/A9/wKgOzl47bWrSZPM6AAD0Th7l34M541.jpg!op_type=3&columns=640&rows=640,2020-02-12 23:58:00
209,è‹å¦²å·±,674,è¿™ä¸ªå£°éŸ³å¾ˆä¸Šå¤´,,,48,9,49,http://imagev2.xmcdn.com/group61/M05/65/01/wKgMcF0I0XzyFHs1AEl4Kx0Jz9Q226.gif!op_type=3&columns=640&rows=640,2020-02-12 23:58:00
210,ä¸‰çš„åœˆ,135,é‡æ€§åè¶³ä¸å°†å°±,2020-02-12 21:03:09,,64,36,2113,http://imagev2.xmcdn.com/group70/M00/68/83/wKgOzl5BWfvQVMUiAACCgviyFJw919.jpg!op_type=3&columns=640&rows=640,2020-02-12 23:58:00
211,ç‹ä¸€è¥¿,244,è„‘å£³ç–¼ä¼‘æ¯â™¨ï¸æ˜å¤©è§,,,48,0,168,http://imagev2.xmcdn.com/group57/M01/5B/B6/wKgLd135v13TTap8AACP2Aw-UDc469.jpg!op_type=3&columns=640&rows=640,2020-02-12 23:58:00
212,å¤œè€¶è€¶,272,å¤œè‰²å¦‚è¯—  æ²™çªç›ä¹‹å¤œ,2020-02-12 22:01:15,,32,53,986,http://imagev2.xmcdn.com/group71/M01/9D/E2/wKgOz14t5SvwUF7-AAFMJuAS7c4117.jpg!op_type=3&columns=640&rows=640,2020-02-12 23:58:00
213,å¥¥è‰ç»™,105,ä¸èƒ½å‘ç”Ÿæ´»ä½å¤´,2020-02-12 22:00:59,,71,8,398,http://imagev2.xmcdn.com/group71/M02/DF/D0/wKgO2V48NTzSRXRRAAB2PiI26ls394.jpg!op_type=3&columns=640&rows=640,2020-02-12 23:58:00
214,,0,é‡ç‹æ»´æ»´æ»´,2020-02-12 21:47:51,,95,4,100,http://imagev2.xmcdn.com/group71/M0B/C7/3B/wKgOz14wTaOjToxSAACx7rdw4Qk939.jpg!op_type=3&columns=640&rows=640,2020-02-12 23:58:00
215,æ¯’å°ä»™,539,â¤ï¸ç™¾å¤©ç‰¹åˆ«åœºâ¤ï¸,2020-02-12 20:43:37,,32,92,7017,http://imagev2.xmcdn.com/group72/M02/2A/BE/wKgO0F46dGSisu9pAAIQQl_5uWU425.jpg!op_type=3&columns=640&rows=640,2020-02-12 23:58:01
216,çˆ±å§—å§—,16,æƒ³å’Œä½ è¯´å£°æ™šå®‰,2020-02-12 22:14:16,,41,9,158,http://imagev2.xmcdn.com/group70/M0A/16/4C/wKgO2F4-aUnAAZnZAAIpT6LHYYs433.jpg!op_type=3&columns=640&rows=640,2020-02-12 23:58:01
217,å® å®¶å®,35,æ„Ÿè°¢å¤§å®¶å…³å¿ƒ~,2020-02-12 21:50:03,,48,13,434,http://imagev2.xmcdn.com/group71/M03/DB/43/wKgOz14xe57RwtZ-AABm3UsiE4o475.jpg!op_type=3&columns=640&rows=640,2020-02-12 23:58:01
218,ä½ çš„å¢¨,21,è¿™ä¸ªå°å§å§åºŸåºŸäº†,2020-02-12 00:40:54,2020-02-12 02:49:50,67,1,597,http://imagev2.xmcdn.com/group70/M01/FD/D3/wKgOzl4ze03BYaywAACp9D9xS9g668.jpg!op_type=3&columns=640&rows=640,2020-02-12 23:58:01
219,çº¢èŒ¶é¦†,134,çº¢ä¹±å°é…’é¦†,2020-02-12 21:31:20,,32,24,626,http://imagev2.xmcdn.com/group72/M06/F1/AF/wKgO0F4INheB4LeJAACRaKdQRvE246.jpg!op_type=3&columns=640&rows=640,2020-02-12 23:58:01
220,é™ä¹å›¢,94,æƒ³è§ä½ æƒ³è§ä½ æƒ³è§ä½ ,2020-02-12 19:14:29,,28,11,1857,http://imagev2.xmcdn.com/group72/M02/32/7B/wKgO0F4uipPiHRcHAACFDM2knkA126.jpg!op_type=3&columns=640&rows=640,2020-02-12 23:58:01
221,è¯—è€å¸ˆ,196,åŸå”±è¯—äºº__çš„ç›´æ’­,2020-02-12 22:13:32,,48,27,467,http://imagev2.xmcdn.com/group63/M0B/39/83/wKgMcl0HIsazqBFQAAHd746CnyA324.jpg!op_type=3&columns=640&rows=640,2020-02-12 23:58:01
222,ç¾ç¾ç¾,656,å¯»å¯»è§…è§…,,,57,7,35,http://imagev2.xmcdn.com/group45/M06/A9/9A/wKgKjluiPUXjr_F7AACTfqTWEww779.jpg!op_type=3&columns=640&rows=640,2020-02-12 23:58:01
223,æŠ¤ä¸ƒå›¢,60,ä½ çš„å°å¯çˆ±å·²ä¸Šçº¿ã€‚,2020-02-12 19:26:47,2020-02-12 23:48:23,57,1,716,http://imagev2.xmcdn.com/group71/M07/20/55/wKgO2V4-ukGDC3PFAAGB-oXSfu8887.jpg!op_type=3&columns=640&rows=640,2020-02-12 23:58:01
224,æˆ’å­,169,çƒŸå—“å¼æƒ…æ­Œ,2020-02-12 20:16:50,,28,10,474,http://imagev2.xmcdn.com/group65/M04/4C/87/wKgMal1Q1kfyufQlAACk-27qbzc885.jpg!op_type=3&columns=640&rows=640,2020-02-12 23:58:01
225,GK,136,#å£°å­˜#çˆ±çš„å¯èƒ½,,,32,5,283,http://imagev2.xmcdn.com/group71/M06/26/2E/wKgO2V4_D6XAXyL2AAGiQOT8bPQ980.jpg!op_type=3&columns=640&rows=640,2020-02-12 23:58:01
226,iTe,118,æ™šä¸Šå¥½ï½,2020-02-12 22:32:44,,64,18,226,http://imagev2.xmcdn.com/group70/M03/72/C3/wKgOzl4p53jjgGuxAApkN5XrgAw203.gif!op_type=3&columns=640&rows=640,2020-02-12 23:58:01
227,å¤åºœ,922,å¤æ˜¥ç‘¶çš„ç›´æ’­é—´,2020-02-12 20:07:57,,95,432,3632,http://imagev2.xmcdn.com/group63/M02/D4/4A/wKgMcl0fdLmQ_bFWAAHXUJoySrE698.jpg!op_type=3&columns=640&rows=640,2020-02-12 23:58:01
228,è¯—è€å¸ˆ,196,åŸå”±è¯—äºº__çš„ç›´æ’­,2020-02-12 22:13:32,,48,27,467,http://imagev2.xmcdn.com/group63/M0B/39/83/wKgMcl0HIsazqBFQAAHd746CnyA324.jpg!op_type=3&columns=640&rows=640,2020-02-12 23:58:01
229,å¥³ç‹æ¢¦,202,ä¸ºä½ è€Œæ­ŒğŸ’—é£˜é›¶,,,48,4,7,http://imagev2.xmcdn.com/group71/M03/7F/2D/wKgO2V4rGh6B80JjAAE806SqkBE267.jpg!op_type=3&columns=640&rows=640,2020-02-12 23:58:01
230,è¾£æ¡å¸®,48,ãŠã‚„ã™ã¿,2020-02-12 22:00:15,,41,10,198,http://imagev2.xmcdn.com/group71/M0A/FF/76/wKgOz149bFKDXaKdAAHBSjYcThc489.jpg!op_type=3&columns=640&rows=640,2020-02-12 23:58:01
231,é»„æ³¥å®¶,468,ç¬¬309ä¸ªå¤œæ™š,2020-02-12 21:15:20,,64,44,652,http://imagev2.xmcdn.com/group62/M01/B2/05/wKgMZ10ApcSg8SPmAACdyHqUWw8585.jpg!op_type=3&columns=640&rows=640,2020-02-12 23:58:02
232,ä¹‰å®¶äº²,34,ä¹‰åšæœ‰å£°çš„ç›´æ’­,2020-02-12 23:07:00,,41,11,98,http://imagev2.xmcdn.com/group69/M0A/C4/2B/wKgMb13C8a7w0z3bAACrPyZ_iqE834.jpg!op_type=3&columns=640&rows=640,2020-02-12 23:58:02
233,è²‚è‰å®¶,303,æ™šä¸Šå¥½ å¬æ­Œå—,2020-02-12 23:30:28,,28,38,855,http://imagev2.xmcdn.com/group71/M07/FA/82/wKgO2V4y-xvBluLDAAREGT3AKGI354.jpg!op_type=3&columns=640&rows=640,2020-02-12 23:58:02
234,è¿·è·¯äº†,847,å› ä¸ºå£°éŸ³,2020-02-12 21:13:32,,32,196,4589,http://imagev2.xmcdn.com/group72/M07/76/E0/wKgO0F4wX-mSDldUAADQ0UBGvlA908.jpg!op_type=3&columns=640&rows=640,2020-02-12 23:58:02
235,å¬é£,546,2.12çœŸÂ·ç›´æ’­å’Œå½•ä¹¦~,2020-02-12 21:01:04,2020-02-12 22:28:13,41,18,3285,http://imagev2.xmcdn.com/group65/M07/E6/9D/wKgMdF1b7FeivH_vAACm-NCNCR4373.jpg!op_type=3&columns=640&rows=640,2020-02-12 23:58:02
236,è›‹ç³•åº—,88,ä¸€åªå”±æ­Œçš„ç³•ğŸ°,2020-02-12 22:02:23,,48,36,1517,http://imagev2.xmcdn.com/group62/M0A/98/31/wKgMZ12elCaBXqRIAAMcDCy80R8551.jpg!op_type=3&columns=640&rows=640,2020-02-12 23:58:02
237,è¤ç«å²›,112,è¿çº¿ä¸¨å¹³å‡¡ä¹‹è·¯,2020-02-12 21:59:17,,32,26,2421,http://imagev2.xmcdn.com/group71/M09/0C/BA/wKgO2V4jO7zD751wAAJxUosOtbc860.jpg!op_type=3&columns=640&rows=640,2020-02-12 23:58:02
238,å°å…‰èŠ’,272,ä½ çš„æ™šå®‰éŸ³ä¹æ—¶å…‰,2020-02-12 20:24:20,,48,17,1357,http://imagev2.xmcdn.com/group60/M05/E8/36/wKgLb11IHg_BMa1TAACQykMgVwo707.jpg!op_type=3&columns=640&rows=640,2020-02-12 23:58:02
239,ä¸€æ¶¡ç–¯,364,CVæ¢¨æ¶¡ï¼šå› çŸ¥éŸ³éš¾è§…,2020-02-12 22:13:01,,41,110,830,http://imagev2.xmcdn.com/group63/M01/92/B4/wKgMcl0KXJaBAti7AACmJgy_4Mo551.jpg!op_type=3&columns=640&rows=640,2020-02-12 23:58:02
240,æ–‡æ–‡æ–‡,300,é™ªä½ çœ‹æ—¥å‡º,,,28,3,109,http://imagev2.xmcdn.com/group62/M09/8A/1E/wKgMcV0KNGnxqjjhAAC-M6PfFYc369.jpg!op_type=3&columns=640&rows=640,2020-02-12 23:58:02
241,è“é›†å›¢,138,è®©æˆ‘çš„æ­Œå£°é™ªä¼´ä½ ,2020-02-12 22:00:15,,48,23,894,http://imagev2.xmcdn.com/group68/M08/03/CA/wKgMbl3WfaeRIxkMAADbIkIPttc198.jpg!op_type=3&columns=640&rows=640,2020-02-12 23:58:02
242,æ‡’å…®å…®,33,æˆ‘æ˜¯æ‡’è™«æˆ‘æ€•è°çš„ç›´æ’­,,,95,1,0,http://imagev2.xmcdn.com/group64/M04/33/45/wKgMc12Fe4yhrKbtAACPjJ_qAhc907.jpg!op_type=3&columns=640&rows=640,2020-02-12 23:58:02
243,å°‘å¥³é˜³,300,æ¸©æŸ”æ¯’èˆŒ|æƒ…æ„Ÿä»‹æ„,2020-02-12 22:06:43,,32,62,1643,http://imagev2.xmcdn.com/group71/M03/ED/ED/wKgOz14hkb7ioyx7AAB5cALrqlg565.jpg!op_type=3&columns=640&rows=640,2020-02-12 23:58:02
244,éº¦æ¥½è’‚,375,å”±æ­Œçš„å°ä»»æ€§,2020-02-12 17:33:41,2020-02-12 20:10:29,48,0,2098,http://imagev2.xmcdn.com/group70/M00/8D/67/wKgO2F4setajlWj2AAKYbPF-NV4068.jpg!op_type=3&columns=640&rows=640,2020-02-12 23:58:02
245,æ¡ƒå¿ƒK,66,æ¡ƒä½ æ¬¢å¿ƒğŸŒ¸,2020-02-12 22:37:54,,32,59,411,http://imagev2.xmcdn.com/group69/M03/63/6F/wKgMeV3MvCmAh3q_AACfoh_LjF8235.jpg!op_type=3&columns=640&rows=640,2020-02-12 23:58:02
246,é¢œå®¶å†›,242,ã€è¶£è®²å†å²çš„å¥³ä¸»æ’­ã€‘,,,33,64,202,http://imagev2.xmcdn.com/group72/M0A/0B/93/wKgO0F4Iyk_Tl0AaAAHu5QgKSQE895.jpg!op_type=3&columns=640&rows=640,2020-02-12 23:58:02
247,å°å…‰èŠ’,272,ä½ çš„æ™šå®‰éŸ³ä¹æ—¶å…‰,2020-02-12 20:24:20,,48,17,1357,http://imagev2.xmcdn.com/group60/M05/E8/36/wKgLb11IHg_BMa1TAACQykMgVwo707.jpg!op_type=3&columns=640&rows=640,2020-02-12 23:58:02
248,äºˆå®‰å›¢,46,äºˆ__å®‰çš„ç›´æ’­,2020-02-12 23:16:04,,95,5,25,http://imagev2.xmcdn.com/group72/M01/04/2A/wKgO0F4R7NKg5azPAAAv8D7Irxg497.jpg!op_type=3&columns=640&rows=640,2020-02-12 23:58:03
249,å‡¡å®¶å†›,130,æ¥å§  å¼€å§‹äº†,2020-02-12 22:12:51,,41,19,595,http://imagev2.xmcdn.com/group72/M07/56/EB/wKgO0F42MWyCbc5WAACnu1y6hNA150.jpg!op_type=3&columns=640&rows=640,2020-02-12 23:58:03
250,ç‘°å®å„¿,201,ç¾å¥½äººé—´è¡¥ç»™ç«™â¤ï¸,,,32,7,106,http://imagev2.xmcdn.com/group58/M02/79/3A/wKgLglzm8yCzObamAACtAnUbZfA595.jpg!op_type=3&columns=640&rows=640,2020-02-12 23:58:03
251,ç‚ç‚ç²‰,9,ä»ä¸€è€Œç»ˆï¼Œè®¤çœŸä¸”æ€‚,2020-02-12 22:16:56,,32,6,105,http://imagev2.xmcdn.com/group72/M01/23/9B/wKgO0F46WpvRb0-eAADetHi5K-4366.jpg!op_type=3&columns=640&rows=640,2020-02-12 23:58:03
252,æ´»ç€,114,æ°‘è°£ä¸æ•…äº‹ï¼Œå‰ä»–ä¸è¿œæ–¹ï¼,2020-02-12 19:32:29,2020-02-12 23:01:12,64,0,3897,http://imagev2.xmcdn.com/group71/M05/55/63/wKgO2V5BA5vQ8qZZAAGzdNq7u8M894.jpg!op_type=3&columns=640&rows=640,2020-02-12 23:58:03
253,ç¢¾ä½œå°˜,67,åªæœ‰é¦™å¦‚æ•…~,2020-02-12 22:00:04,,71,7,177,http://imagev2.xmcdn.com/group62/M04/E4/92/wKgMZ10N4KOgkAiaAACua7EstrM396.jpg!op_type=3&columns=640&rows=640,2020-02-12 23:58:03
254,çˆ±å§—å§—,16,æƒ³å’Œä½ è¯´å£°æ™šå®‰,2020-02-12 22:14:16,,41,9,158,http://imagev2.xmcdn.com/group70/M0A/16/4C/wKgO2F4-aUnAAZnZAAIpT6LHYYs433.jpg!op_type=3&columns=640&rows=640,2020-02-12 23:58:03
255,é›¾ä¸­æ¥¼,101,ã€è§£ææƒ…æ„Ÿçš„ç£éŸ³ç”·å£°ã€‘,2020-02-12 21:37:05,,58,41,1102,http://imagev2.xmcdn.com/group63/M02/FD/BA/wKgMcl06VYDg2tS9AAC4lkT3wjE728.jpg!op_type=3&columns=640&rows=640,2020-02-12 23:58:03
256,æµ…è‰²è°ƒ,110,â¥ å® ç²‰ä¸»æ’­ä¸Šçº¿ æµ…å®¶æ‹›ç®¡ç†,2020-02-12 19:51:54,,32,156,4565,http://imagev2.xmcdn.com/group72/M00/0B/C7/wKgO0F4SeevAjPaLAAG4M0Lq8lQ489.jpg!op_type=3&columns=640&rows=640,2020-02-12 23:58:03
257,æµ…è‰²è°ƒ,110,â¥ å® ç²‰ä¸»æ’­ä¸Šçº¿ æµ…å®¶æ‹›ç®¡ç†,2020-02-12 19:51:54,,32,156,4565,http://imagev2.xmcdn.com/group72/M00/0B/C7/wKgO0F4SeevAjPaLAAG4M0Lq8lQ489.jpg!op_type=3&columns=640&rows=640,2020-02-12 23:58:03
258,CcåŸ,178,æŠŠä½ æ‰è¿›æˆ‘æ€€é‡Œã€,2020-02-12 22:57:14,,32,40,170,http://imagev2.xmcdn.com/group59/M06/EF/4B/wKgLelzs136CDWi0AADbZGStYuI154.jpg!op_type=3&columns=640&rows=640,2020-02-12 23:58:03
259,å°å¦¹å¦¹,101,é…’å§å–å”±çš„,,,79,2,10,http://imagev2.xmcdn.com/group41/M00/DE/E0/wKgJ8VqcBUmxuWfoAAHewBURgzU718.jpg!op_type=3&columns=640&rows=640,2020-02-12 23:58:03
260,å°é£èŠ±,528,æ¬¢è¿æ¥åˆ°é›ªæœˆä¹‹ä¸‹çš„ç›´æ’­é—´,2020-02-12 19:59:59,2020-02-12 22:01:03,93,3,2105,http://imagev2.xmcdn.com/group22/M09/01/C6/wKgJM1iJQV7xQdqsAAAomTSOeYc98.jpeg!op_type=3&columns=640&rows=640,2020-02-12 23:58:03
261,è¡¨ç™½ç™½,99,èƒ½å¤Ÿæ¡ç´§çš„å°±åˆ«æ”¾äº†.,2020-02-12 23:09:36,,48,15,88,http://imagev2.xmcdn.com/group68/M03/B3/4B/wKgMbl3RdnHCB_s7AAFQnuUM4T4680.jpg!op_type=3&columns=640&rows=640,2020-02-12 23:58:03
262,é™ˆè‡»è‡»,909,æ¸©æŸ”ğŸŒ™ç”¨å£°éŸ³æ‹¥æŠ±ä½ ,2020-02-12 22:33:10,,32,76,4429,http://imagev2.xmcdn.com/group64/M02/19/3F/wKgMc11yCluzjou7AABaT4w2mek193.jpg!op_type=3&columns=640&rows=640,2020-02-12 23:58:03
263,å…®é¥­å›¢,323,æ™šå¥½æ™šå¥½,2020-02-12 21:47:28,,41,48,1452,http://imagev2.xmcdn.com/group29/M03/A2/75/wKgJWVlKAN6BlKjkAADuKE1lj5c066.jpg!op_type=3&columns=640&rows=640,2020-02-12 23:58:03
264,ä¸‰çš„åœˆ,135,é‡æ€§åè¶³ä¸å°†å°±,2020-02-12 21:03:09,,64,36,2115,http://imagev2.xmcdn.com/group70/M00/68/83/wKgOzl5BWfvQVMUiAACCgviyFJw919.jpg!op_type=3&columns=640&rows=640,2020-02-12 23:58:03
265,æƒ…é•¿é•·,70,æƒ…é•¿_å”¬å¤´Bngçš„ç›´æ’­,2020-02-12 21:58:56,,32,7,136,http://imagev2.xmcdn.com/group70/M07/69/CE/wKgOzl4pbHeCw-QNAABUjcLFtKY954.jpg!op_type=3&columns=640&rows=640,2020-02-12 23:58:03
266,ikk,124,è€³æœºåˆ†ä½ ä¸€åªâ€¢Íˆá´—â€¢Íˆ â™¡,2020-02-12 21:30:08,2020-02-12 23:29:10,48,3,165,http://imagev2.xmcdn.com/group72/M04/7E/E6/wKgO0F4nOPKj8YtHAAE8wM8CetQ437.jpg!op_type=3&columns=640&rows=640,2020-02-12 23:58:04
267,ä¹‹è´°å®¶,285,å”±æ­Œçš„ä¹‹è´°,2020-02-12 18:29:02,,48,56,2523,http://imagev2.xmcdn.com/group70/M02/2B/17/wKgOzl4UhNSjSSVGAAeDUhPSlLU539.jpg!op_type=3&columns=640&rows=640,2020-02-12 23:58:04
268,å¾¡é˜,68,ç”œèœœå°‘å¾¡å‡»ä¸­ä½ â¤ï¸,2020-02-12 20:39:20,,32,9,751,http://imagev2.xmcdn.com/group63/M02/D7/42/wKgMcl0NBAKAjeMlAAJMTxvNUWU039.jpg!op_type=3&columns=640&rows=640,2020-02-12 23:58:04
269,å¾¡é˜,68,ç”œèœœå°‘å¾¡å‡»ä¸­ä½ â¤ï¸,2020-02-12 20:39:20,,32,9,751,http://imagev2.xmcdn.com/group63/M02/D7/42/wKgMcl0NBAKAjeMlAAJMTxvNUWU039.jpg!op_type=3&columns=640&rows=640,2020-02-12 23:58:04
270,è–‡å…‰,82,èŒæ–°ä¸»æ’­ï¼Œå—¨æ„Ÿæ©é‡è§,2020-02-12 20:56:44,,48,15,4663,http://imagev2.xmcdn.com/group70/M0B/C2/A9/wKgOzl47bWrSZPM6AAD0Th7l34M541.jpg!op_type=3&columns=640&rows=640,2020-02-12 23:58:04
271,æ´—ä¾ç²‰,60,ç¬¬äºŒåœºç›´æ’­,2020-02-12 23:55:06,,41,18,38,http://imagev2.xmcdn.com/group66/M01/3E/A3/wKgMdV10p63CMP-iAABV6klUDnc85.jpeg!op_type=3&columns=640&rows=640,2020-02-12 23:58:04
272,ç†Šå‡ºæ²¡,180,æ™šä¸Šå¥½ï¼,2020-02-12 21:12:17,2020-02-12 23:01:41,28,47,340,http://imagev2.xmcdn.com/group48/M09/96/FC/wKgKnFumTVSiDPouAAF3V296tIg178.jpg!op_type=3&columns=640&rows=640,2020-02-12 23:58:04
273,æ·‘é¢–,231,ã€æ™šå®‰ã€‘æ¸…ç”œæ²»æ„ˆï¼Œæš–å£°å…¥æ¢¦,2020-02-12 20:39:12,,41,37,6262,http://imagev2.xmcdn.com/group72/M07/09/F1/wKgO0F4bTs6D3n2sAAFsv0xcWYo333.jpg!op_type=3&columns=640&rows=640,2020-02-12 23:58:04
274,å°ç•ªè–¯,439,å¤œè¯ç”µå° å¾€äº‹æ¸…é›¶,2020-02-12 23:00:55,,32,45,1626,http://imagev2.xmcdn.com/group68/M08/92/1C/wKgMbl3eg_eQwTwHAADTnzD6bUg239.jpg!op_type=3&columns=640&rows=640,2020-02-12 23:58:04
275,å°ç•ªè–¯,439,å¤œè¯ç”µå° å¾€äº‹æ¸…é›¶,2020-02-12 23:00:55,,32,45,1626,http://imagev2.xmcdn.com/group68/M08/92/1C/wKgMbl3eg_eQwTwHAADTnzD6bUg239.jpg!op_type=3&columns=640&rows=640,2020-02-12 23:58:04
276,çˆ±ç™½åºœ,366,æµ®ç”Ÿå·å¾—åŠæœˆé—²,2020-02-12 19:30:02,,48,85,798,http://imagev2.xmcdn.com/group71/M04/2A/B8/wKgOz14UjBuyYzDSAAB15dNWfkw846.jpg!op_type=3&columns=640&rows=640,2020-02-12 23:58:04
277,å¯ä¹å…”,46,å®‰çœ è¯,2020-02-12 22:01:28,,64,9,235,http://imagev2.xmcdn.com/group60/M02/D9/DE/wKgLeVzevIKz1N-MAAGotFBa4N0087.jpg!op_type=3&columns=640&rows=640,2020-02-12 23:58:04
278,çˆ±YO,753,æ‹‰é£çš„å°ä»™å¥³~ï¼ˆå¤§è€è™å† åï¼‰,,,71,8,82,http://imagev2.xmcdn.com/group72/M04/B4/C0/wKgO0F4F9FWQB3_KAAJmWWUoj7E764.jpg!op_type=3&columns=640&rows=640,2020-02-12 23:58:04
279,æ½®å„¿,76,â€”â€”æƒ³ä¸å‡ºæ–‡æ¡ˆ  æƒ³ä½ ,2020-02-12 22:59:08,,67,7,281,http://imagev2.xmcdn.com/group71/M08/46/EE/wKgO2V5AZr2x_-K9AACcQo1banA666.jpg!op_type=3&columns=640&rows=640,2020-02-12 23:58:04
280,è«å®¶å†›,172,é‚£ä¸ªè®©ä½ å¿ƒåŠ¨çš„å¥³å­©,,,70,2,30,http://imagev2.xmcdn.com/group69/M0A/20/80/wKgMeV25W9DSv9BRAADZnHViyrs419.jpg!op_type=3&columns=640&rows=640,2020-02-12 23:58:04
281,è¿·å¦¹å‘€,60,æœ‹å‹åœˆçš„éªšæ“ä½œ,2020-02-12 22:31:15,,32,8,245,http://imagev2.xmcdn.com/group56/M06/5D/40/wKgLgF36EbXAz7kYAACqucBxnmc083.jpg!op_type=3&columns=640&rows=640,2020-02-12 23:58:04
282,å•¾å•¾å•,57,ä½ çš„å® çˆ±å°±æ˜¯æˆ‘~,2020-02-12 21:52:46,,32,13,95,http://imagev2.xmcdn.com/group70/M05/48/7C/wKgOzl4W2pLDFeDBAACS9AsYKD4439.jpg!op_type=3&columns=640&rows=640,2020-02-12 23:58:04
283,è“å°ä¸»,186,ç¿»å”±å°å§å§ï½,2020-02-12 20:00:10,,48,24,1404,http://imagev2.xmcdn.com/group70/M0A/28/71/wKgO2F4lRc_jBE-_AAG14DLPzls792.jpg!op_type=3&columns=640&rows=640,2020-02-12 23:58:04
284,çˆ±æ™¶,337,æ¯ä¸ªå­¤ç‹¬çš„å¤œæ™šé™ªä¼´ä½ ã€‚,2020-02-12 23:11:36,,48,20,527,http://imagev2.xmcdn.com/group72/M02/E4/9E/wKgO0F4QxY6SIsEqAACPfp5EVBQ932.jpg!op_type=3&columns=640&rows=640,2020-02-12 23:58:05
285,è‹å¦²å·±,674,è¿™ä¸ªå£°éŸ³å¾ˆä¸Šå¤´,,,48,9,49,http://imagev2.xmcdn.com/group61/M05/65/01/wKgMcF0I0XzyFHs1AEl4Kx0Jz9Q226.gif!op_type=3&columns=640&rows=640,2020-02-12 23:58:05
286,æ¸…å§,111,è°è¿˜ä¸æ˜¯ä¸ªå°å¯çˆ±,2020-02-12 15:48:30,2020-02-12 18:05:29,66,0,892,http://imagev2.xmcdn.com/group68/M0B/2F/5B/wKgMeF3Jtn2AVnlJAAOtwFfjtKU702.jpg!op_type=3&columns=640&rows=640,2020-02-12 23:58:05
287,é›¨èŒèŒ,10,ğŸ¥°mgcğŸ’™éŸ³ä¹æƒ…æ„Ÿç”µå°ğŸ’œ,2020-02-12 22:34:26,,32,5,61,http://imagev2.xmcdn.com/group70/M0B/D8/B2/wKgOzl4gN1GzaefbAAB-Kqoyono646.jpg!op_type=3&columns=640&rows=640,2020-02-12 23:58:05
288,å°‘å¥³é˜³,300,æ¸©æŸ”æ¯’èˆŒ|æƒ…æ„Ÿä»‹æ„,2020-02-12 22:06:43,,32,62,1644,http://imagev2.xmcdn.com/group71/M03/ED/ED/wKgOz14hkb7ioyx7AAB5cALrqlg565.jpg!op_type=3&columns=640&rows=640,2020-02-12 23:58:05
289,XèŠ±,43,è¿™ä¸€åˆ»ä¸ä½ ç›¸é‡,2020-02-12 21:06:01,,48,5,72,http://imagev2.xmcdn.com/group67/M00/AE/61/wKgMbV3BpjyTUtS8AADU9qYhzEA547.jpg!op_type=3&columns=640&rows=640,2020-02-12 23:58:05
290,ç¾ç¾ç¾,656,å¯»å¯»è§…è§…,,,57,7,35,http://imagev2.xmcdn.com/group45/M06/A9/9A/wKgKjluiPUXjr_F7AACTfqTWEww779.jpg!op_type=3&columns=640&rows=640,2020-02-12 23:58:05
291,æ™“æ±Ÿæ¹–,78,åˆæ˜¯æ²‰è¿·ç”·è‰²çš„ä¸€å¤©,2020-02-12 22:26:26,,93,9,149,http://imagev2.xmcdn.com/group67/M01/98/C0/wKgMbV2wrYjjEwXVAAEj-pa_Hz8814.jpg!op_type=3&columns=640&rows=640,2020-02-12 23:58:05
292,èŒå½å½,89,è·ç¦»ä½ 5.21m,2020-02-12 22:31:25,,68,28,271,http://imagev2.xmcdn.com/group64/M04/C8/19/wKgMc11ZbE7AzNCcAAIGo6mBWUM857.jpg!op_type=3&columns=640&rows=640,2020-02-12 23:58:05
293,ä¸€ç¬‘é˜,147,ä¸–ç•Œä¸Šæ²¡æœ‰çœŸæ­£çš„æ„ŸåŒèº«å—,2020-02-12 21:05:08,,32,15,220,http://imagev2.xmcdn.com/group54/M09/0D/29/wKgLfV38ybCiJnGUAAFOdF1evnk846.jpg!op_type=3&columns=640&rows=640,2020-02-12 23:58:05
294,å¢¨ç…Šè‹‘,114,ç”µå°#é‚‚é€…æ¯ä¸ªä¸çœ ã®ä½ ,2020-02-12 21:41:12,,32,15,318,http://imagev2.xmcdn.com/group72/M00/38/AA/wKgO0F46pJDwjOglAABRlU6k68g527.jpg!op_type=3&columns=640&rows=640,2020-02-12 23:58:05
295,å®‡æ™¨,523,æ²»æ„ˆå¥³å£° äºˆä½ æ˜Ÿæ™¨,2020-02-12 21:05:54,2020-02-12 23:31:47,48,17,2057,http://imagev2.xmcdn.com/group61/M05/31/0C/wKgMZl0Gh1ryyzotAAGCpDvp9Wg922.jpg!op_type=3&columns=640&rows=640,2020-02-12 23:58:05
296,å°å±æ¡ƒ,102,ğŸ™ƒ,2020-02-12 21:01:52,,58,32,206,http://imagev2.xmcdn.com/group66/M0A/AA/4F/wKgMa12M4oni6e9qAAITB3e3_VY162.jpg!op_type=3&columns=640&rows=640,2020-02-12 23:58:05
297,ç›ä¸½,218,é˜¿ç—£å‘³å„¿æƒ…æ­Œ,2020-02-12 20:02:53,,28,29,4069,http://imagev2.xmcdn.com/group71/M03/36/E2/wKgOz141rQrw2PMOAADqSxRqc8M483.jpg!op_type=3&columns=640&rows=640,2020-02-12 23:58:05
298,ç§‹è°£,313,INæ ¸ä¸»æ’­_ç§‹æ ‘,2020-02-12 19:31:05,2020-02-12 22:09:27,48,1,2034,http://imagev2.xmcdn.com/group54/M05/FB/26/wKgLfV32PVTAjl37AAJ5gmCHjZE447.jpg!op_type=3&columns=640&rows=640,2020-02-12 23:58:05
299,å•Šå•¦èŒ,136,é™ªä¼´æ˜¯æœ€é•¿æƒ…çš„å‘Šç™½å–,2020-02-12 22:11:49,,48,34,246,http://imagev2.xmcdn.com/group71/M02/81/91/wKgO2V4IkrqQpZb1AADvViKjr7k516.jpg!op_type=3&columns=640&rows=640,2020-02-12 23:58:06
